4.35514599e-02,4.24637236e-02,5.11281304e-02,7.57550448e-02,1.10596279e-03,1.59915891e-02,4.60133292e-02,6.13363050e-02,2.46764123e-02,1.20864473e-02,1.73553247e-02,-2.16287021e-02,-1.59894582e-02,1.03927031e-02,-2.13940702e-02,-7.95219392e-02,-7.39696249e-02,-4.64069322e-02,-3.73093560e-02,-4.44238931e-02,-3.05346982e-03,-1.63635015e-02,-3.07942498e-02,-3.17067616e-02,-3.02842259e-02,-1.47366719e-02,5.26192132e-03,-8.37552361e-03,-6.09276891e-02,3.70538025e-03,1.70447642e-03,1.88224651e-02,4.09947783e-02,4.81492057e-02,6.40256256e-02,2.70357840e-02,5.01493514e-02,3.51096280e-02,4.20804210e-02,4.46845144e-02,2.99839880e-02,4.02707532e-02,2.72049271e-02,3.61674353e-02,3.48114744e-02,3.84601243e-02,1.99375097e-02,8.52458850e-02,-1.12127000e-02,3.72468159e-02,2.28357520e-02,4.97104228e-03,-1.68978851e-02,-1.19733661e-02,-2.39378531e-02,-3.33835706e-02,-6.78947568e-02,-3.27886976e-02,-3.81557606e-02,-3.80452797e-02,-7.20562786e-02,-2.41792593e-02,-1.13987271e-02,-9.85865667e-03,-3.40816602e-02,-1.02748303e-02,1.49778696e-03,1.83288176e-02,-1.75121566e-03,-8.04590248e-03,-3.50401318e-03,-1.50412146e-03,5.27627468e-02,4.40469645e-02,6.43923953e-02,5.15105948e-02,8.09720997e-03,6.65101549e-03,1.81453004e-02,7.38535123e-03,-1.43450266e-02
4.26488928e-02,4.82721180e-02,2.56868377e-02,2.38758624e-02,1.42120151e-02,2.93637160e-02,1.38085510e-03,2.15280969e-02,4.36944179e-02,-1.12814624e-02,8.81000794e-03,1.91116554e-03,2.48572906e-04,3.46479169e-03,-7.22873025e-03,-3.54797783e-04,-2.78093033e-02,-3.60276848e-02,-2.31035613e-02,-7.68240215e-03,-7.14225471e-02,-6.86856508e-02,3.81780826e-02,-5.07469699e-02,-1.71587802e-02,-2.53892094e-02,3.52064520e-03,-7.03701237e-03,-2.65834425e-02,-3.04389023e-03,2.53158584e-02,-2.06372291e-02,4.32572477e-02,4.77335937e-02,4.32229005e-02,-2.76177991e-02,4.35256353e-03,4.73914072e-02,8.70565511e-03,6.12111427e-02,3.98851261e-02,5.99837080e-02,4.62835804e-02,5.69609180e-02,5.10090292e-02,2.78474353e-02,4.10940610e-02,1.28940055e-02,9.86241363e-03,1.05485888e-02,-2.99856365e-02,2.83470377e-02,6.77787606e-03,-3.02988123e-02,-2.62239762e-02,3.37065593e-03,-4.07898948e-02,-6.83396459e-02,-3.23781595e-02,5.71171194e-03,-3.88384014e-02,8.93473066e-03,-4.75144759e-02,-1.87818538e-02,1.25270942e-02,6.37281034e-03,2.42800976e-04,-5.43551482e-02,-3.71625721e-02,-1.17734224e-02,6.13077432e-02,7.52994046e-02,5.13541251e-02,4.08464745e-02,7.18145296e-02,6.48124218e-02,2.49103829e-02,5.29922619e-02,2.50985734e-02,3.76170538e-02,4.73188497e-02
3.63664851e-02,6.47303537e-02,4.50937562e-02,5.09360284e-02,2.28964537e-02,3.93385440e-02,2.54696421e-02,1.65377501e-02,1.60027668e-02,3.28707099e-02,-8.43892153e-03,7.81010510e-03,3.30544934e-02,-3.18870582e-02,-1.59435291e-02,2.22952329e-02,1.57961138e-02,-7.79518206e-03,2.01792046e-02,-6.86413571e-02,2.41196831e-03,1.21828169e-02,1.97851453e-02,-1.25626195e-02,-2.58172527e-02,-1.53252073e-02,-1.99195649e-02,5.23646269e-03,5.17675234e-03,1.06946118e-02,6.42547791e-04,1.04599074e-02,4.22899202e-02,2.34786235e-02,4.01798338e-02,5.52009866e-02,4.86782603e-02,7.03835338e-02,5.54225184e-02,7.52819777e-02,5.04461788e-02,3.68179195e-02,7.37143010e-02,4.08371538e-02,1.91784278e-02,9.08676013e-02,2.94172056e-02,2.30596121e-02,7.15061128e-02,3.80190276e-02,-1.23061175e-02,3.93996537e-02,-6.09123614e-03,4.05334868e-02,-1.26428017e-02,1.49203392e-04,-2.03557406e-02,1.71703361e-02,-4.34552580e-02,-3.04034408e-02,-4.02604118e-02,4.29828465e-02,8.92713573e-03,-3.42397988e-02,-2.68586762e-02,1.38889449e-02,1.38325393e-02,-9.90727171e-03,8.08817393e-04,-1.03569152e-02,-3.29646505e-02,1.52728595e-02,-2.99593154e-02,2.94570066e-02,6.30442873e-02,1.94362178e-02,3.98656838e-02,1.54681820e-02,2.84822267e-02,6.87794536e-02,4.17681485e-02
2.38010064e-02,9.53330770e-02,3.56612429e-02,4.37135324e-02,4.97707576e-02,2.68772859e-02,5.63261658e-02,7.26708770e-02,3.13545763e-02,1.99678307e-03,2.82797292e-02,1.13933906e-02,2.82326136e-02,1.91017296e-02,5.87062351e-03,-1.67833623e-02,-1.15656564e-02,-4.55992622e-03,-1.20332511e-02,4.38500103e-03,-1.56925637e-02,-4.95143794e-02,-3.05182557e-03,3.43389288e-02,-2.72671003e-02,-4.31236736e-02,-1.81326419e-02,-1.24419993e-03,1.94454137e-02,3.35636060e-03,5.40818125e-02,1.64947566e-02,1.82525907e-02,-6.35197666e-03,7.05285892e-02,4.06056531e-02,4.96187061e-02,7.80369118e-02,9.01745111e-02,4.74510062e-03,3.95150557e-02,7.94609711e-02,5.98301031e-02,2.16845088e-02,3.96586359e-02,3.15091535e-02,2.48339716e-02,6.42541870e-02,2.46194713e-02,9.29851737e-03,1.01288715e-02,-1.54944360e-02,-7.84918573e-03,2.36199237e-03,3.99322435e-02,-1.50950169e-02,-2.19756756e-02,4.61450480e-02,-1.88751873e-02,-8.55389796e-03,-1.70569494e-02,-2.23420858e-02,2.25104671e-02,-1.27839074e-02,-2.58969273e-02,1.96228409e-03,4.70229704e-03,1.29420254e-02,5.98159060e-02,1.98079236e-02,2.81221513e-02,2.44042482e-02,2.34561004e-02,3.78266126e-02,5.72431646e-02,1.03864195e-02,2.58016381e-02,5.56704327e-02,7.95826539e-02,3.89698371e-02,6.15410469e-02
8.23820680e-02,4.61366363e-02,1.15006035e-02,5.27902469e-02,4.08342481e-02,4.34573404e-02,7.64332935e-02,2.08708271e-02,6.30713552e-02,3.43154371e-02,3.77381444e-02,4.01015691e-02,2.64576562e-02,8.05698149e-03,2.70094592e-02,1.36290053e-02,1.33183552e-02,1.15261907e-02,-2.71535181e-02,6.49924332e-04,4.57035936e-02,3.70005816e-02,1.15095889e-02,3.12947370e-02,1.29510555e-02,-6.54087681e-03,-2.44138949e-02,3.07112634e-02,2.14270335e-02,-4.16209502e-03,8.40193871e-03,-3.34817590e-03,9.78773553e-03,4.82492968e-02,8.28570127e-02,3.33080851e-02,4.01559249e-02,5.28131798e-02,6.39422089e-02,1.02510341e-01,1.03281729e-01,8.39062706e-02,6.28251508e-02,1.02919713e-01,9.75969285e-02,7.76614696e-02,7.81633034e-02,6.02650680e-02,4.05552872e-02,2.65433080e-03,4.88576628e-02,4.89475131e-02,4.49485285e-03,3.33190449e-02,4.43532271e-03,2.54017650e-03,-1.97362993e-02,8.72449856e-03,-2.16377992e-02,3.38778831e-03,1.36772208e-02,3.99135910e-02,1.25897899e-02,-1.68218315e-02,-1.16363224e-02,4.51854654e-02,1.04234070e-02,5.29688299e-02,-5.89479879e-02,2.24883202e-02,1.55198183e-02,4.79984609e-03,2.43414678e-02,5.33028916e-02,5.78130633e-02,4.61947732e-02,6.56533390e-02,8.97067692e-03,8.88904929e-02,6.74340278e-02,4.21059169e-02
1.74476970e-02,7.63818845e-02,3.13802510e-02,7.73863867e-02,7.89770260e-02,6.62017241e-02,7.60522261e-02,5.18715195e-02,-1.56196151e-02,8.77858624e-02,5.21832444e-02,1.63494088e-02,3.67443301e-02,1.40789114e-02,4.81371284e-02,1.09914979e-02,3.86155420e-03,9.58015956e-03,1.56065784e-02,1.84331238e-02,2.64277793e-02,1.27796326e-02,3.36263649e-04,-5.47468150e-03,1.09409820e-02,1.84914321e-02,1.99743100e-02,6.34376407e-02,8.89100228e-03,1.11414529e-02,2.47724224e-02,7.05807433e-02,5.87705225e-02,6.76008984e-02,4.98006493e-02,5.22213914e-02,3.06901336e-02,3.86076644e-02,8.91824141e-02,9.31927115e-02,1.18783280e-01,6.52966425e-02,4.68663424e-02,5.63941561e-02,9.41707268e-02,1.15664564e-01,7.61461705e-02,8.47453922e-02,3.99376415e-02,5.13512716e-02,7.04861209e-02,5.58710955e-02,4.53894958e-02,2.09340341e-02,2.81619970e-02,2.99258810e-02,5.91177531e-02,3.39562297e-02,1.22990482e-03,-4.98674111e-03,1.94089506e-02,3.08267809e-02,1.96273346e-02,4.88993302e-02,2.89143473e-02,2.35761739e-02,7.70662874e-02,3.05769667e-02,5.58927022e-02,4.03591581e-02,7.63597339e-02,4.22443897e-02,4.80765961e-02,8.43731239e-02,1.13827586e-01,1.06811523e-01,5.62102385e-02,1.87315885e-02,7.10044950e-02,7.34511092e-02,5.79078645e-02
4.34384309e-02,1.01820439e-01,7.02121034e-02,1.01617321e-01,5.27446456e-02,1.64478961e-02,7.14892596e-02,5.52368909e-02,5.48181310e-02,4.36394140e-02,1.94589794e-02,5.15784919e-02,2.41069905e-02,2.72770356e-02,6.44537210e-02,3.63295898e-02,-2.17936980e-03,2.21599103e-03,2.25894116e-02,9.11026786e-04,-1.00728478e-02,3.65957841e-02,2.29873173e-02,1.94214354e-03,1.82116684e-02,-4.29087318e-03,1.86982714e-02,1.65291447e-02,2.32614465e-02,3.66763119e-03,7.21928999e-02,4.07470055e-02,1.09211534e-01,2.75545102e-02,1.01289332e-01,5.43550663e-02,1.12648979e-01,5.30497916e-02,7.27144107e-02,8.13501477e-02,9.45654884e-02,5.21231554e-02,1.33954570e-01,8.27825516e-02,4.96881939e-02,7.24030361e-02,6.57175779e-02,5.63540980e-02,4.69571874e-02,9.60497931e-02,3.95423695e-02,5.14811203e-02,6.18760362e-02,1.50200138e-02,2.87150182e-02,3.40771563e-02,-2.16314122e-02,-8.62059277e-03,2.20763357e-03,-2.51054727e-02,-1.10676112e-02,5.52719943e-02,1.79974325e-02,2.08195448e-02,3.45695652e-02,9.67853703e-03,5.79386540e-02,2.00989507e-02,1.40829422e-02,5.79670332e-02,9.44822133e-02,3.88199016e-02,7.89396763e-02,3.69890071e-02,7.91681558e-02,1.13017663e-01,8.76100510e-02,7.42296204e-02,4.67441976e-02,9.19365212e-02,9.38801169e-02
5.87941445e-02,6.30243197e-02,1.18531846e-01,5.79880364e-02,7.47679919e-02,2.57695187e-02,9.69687477e-02,4.84866239e-02,7.54531622e-02,8.62452667e-03,7.93944597e-02,6.49115890e-02,5.70351519e-02,5.86073212e-02,-1.71483252e-02,-7.02914596e-03,1.55735752e-02,1.97404828e-02,5.14379703e-02,-1.25525063e-02,-1.15273735e-02,6.27293512e-02,-2.17405166e-02,4.64829095e-02,1.14010088e-02,1.78348611e-03,1.80653259e-02,7.74561837e-02,3.01713776e-02,1.71118230e-02,9.25737843e-02,3.03407516e-02,3.23111974e-02,6.20972179e-02,7.75218979e-02,3.56823616e-02,9.72239748e-02,6.92224279e-02,1.15007319e-01,1.00879394e-01,4.63295281e-02,6.68305382e-02,6.50106668e-02,5.18086366e-02,7.00612664e-02,7.39470646e-02,9.64852348e-02,1.25424251e-01,-1.61130179e-03,5.24438918e-02,5.99702671e-02,6.47968473e-03,6.45041466e-02,2.35882178e-02,1.30345952e-02,1.56943984e-02,-1.88344661e-02,2.27549635e-02,3.34192514e-02,-1.75516726e-03,3.54490206e-02,1.87894944e-02,2.19703484e-02,3.44965197e-02,4.82355952e-02,2.68868227e-02,6.33392036e-02,2.91263387e-02,4.03527357e-02,2.40330417e-02,8.36759582e-02,3.64489742e-02,5.18034920e-02,8.06567445e-02,5.79148456e-02,1.14959314e-01,7.78288022e-02,4.83095124e-02,5.15013523e-02,5.08336909e-02,9.20929313e-02
9.16327387e-02,1.01226345e-01,9.08042341e-02,9.78541151e-02,8.73494297e-02,9.52017382e-02,8.33477303e-02,5.16284704e-02,7.83552453e-02,3.09128556e-02,6.14279434e-02,3.89857739e-02,7.31536523e-02,7.34986141e-02,2.68133376e-02,3.22726779e-02,3.97032909e-02,2.70889718e-02,3.20894569e-02,-2.06358294e-04,-3.57115106e-03,3.83740626e-02,3.90711613e-02,3.95593680e-02,5.06192409e-02,7.61767775e-02,7.14335442e-02,7.05771595e-02,5.13208583e-02,8.04930180e-02,5.70296384e-02,7.10335821e-02,1.00742720e-01,7.09983334e-02,6.80020899e-02,1.10582791e-01,9.76810902e-02,4.55500036e-02,6.91600665e-02,4.72627431e-02,7.80689418e-02,7.91762769e-02,9.50820893e-02,1.13171220e-01,1.16553463e-01,7.97760561e-02,8.92979577e-02,3.43671665e-02,8.73881876e-02,7.89133832e-02,2.96822097e-02,7.10451379e-02,3.93405445e-02,1.44449864e-02,6.35999516e-02,3.41531746e-02,4.63140570e-02,3.55724171e-02,5.84261604e-02,-4.47327420e-02,4.96526994e-02,3.89457047e-02,4.71266992e-02,2.04745233e-02,6.43850192e-02,1.92193128e-02,2.75296867e-02,7.82431960e-02,9.89110619e-02,4.74067889e-02,1.04101270e-01,6.05668165e-02,9.43053365e-02,7.20185339e-02,6.31840751e-02,3.42105925e-02,7.93781951e-02,6.74727634e-02,1.08948059e-01,6.22790046e-02,8.12130421e-02
1.06110200e-01,7.31901079e-02,1.04970820e-01,9.02930424e-02,9.31111574e-02,1.18049487e-01,1.25734836e-01,6.15472943e-02,9.37895253e-02,5.17199114e-02,1.93173271e-02,3.90486047e-02,9.40173268e-02,4.04558517e-02,2.84193400e-02,6.89288303e-02,5.83718568e-02,3.72608155e-02,-3.53069557e-03,1.77906752e-02,4.37685959e-02,3.77053320e-02,5.98382764e-02,4.22772132e-02,2.73651406e-02,1.57109387e-02,6.40553460e-02,7.94611797e-02,7.12113902e-02,5.14580123e-02,5.28801866e-02,6.96881860e-02,9.66348276e-02,2.12414302e-02,7.19808787e-02,8.28934684e-02,9.18820724e-02,8.18884969e-02,8.82793441e-02,1.12372018e-01,1.20470718e-01,1.11108519e-01,1.25995636e-01,7.63625577e-02,1.02542579e-01,5.37203513e-02,4.07897122e-02,9.26850215e-02,5.77507392e-02,1.06427446e-01,6.93558976e-02,6.18981272e-02,9.26526412e-02,7.41638467e-02,2.46496182e-02,3.44957635e-02,2.91585010e-02,1.50016248e-02,1.91026479e-02,1.60732102e-02,3.26697528e-02,3.81683819e-02,2.12941505e-02,5.51683120e-02,8.58344287e-02,3.80303152e-02,8.59716758e-02,2.17493661e-02,3.72543223e-02,2.61480529e-02,1.17964290e-01,9.69007909e-02,5.51731437e-02,9.69697759e-02,9.32574123e-02,9.06483084e-02,8.69956240e-02,6.67222515e-02,1.33332968e-01,1.22402787e-01,1.31346077e-01
1.29758328e-01,9.63929370e-02,1.39773116e-01,1.10460088e-01,1.10553704e-01,8.39737728e-02,6.67265132e-02,1.13960929e-01,4.43293042e-02,1.11270599e-01,4.77382876e-02,4.34056148e-02,4.88341339e-02,3.38704139e-02,2.41563022e-02,6.36153519e-02,3.70347574e-02,5.58696613e-02,3.16521414e-02,5.98094054e-02,2.20787097e-02,3.36054191e-02,4.19460051e-02,1.53436104e-03,3.47590223e-02,2.95098200e-02,3.43296714e-02,4.36924919e-02,5.89748695e-02,5.29132448e-02,4.45847325e-02,9.84792337e-02,5.65398932e-02,8.85249153e-02,9.56718922e-02,1.02910459e-01,1.29938394e-01,1.03685111e-01,1.41597077e-01,9.66282561e-02,9.09173638e-02,1.03039652e-01,1.12186939e-01,7.84311295e-02,9.15744901e-02,9.95338336e-02,7.15604052e-02,9.44562182e-02,9.63262320e-02,4.56598513e-02,8.90422463e-02,7.75736570e-02,4.06083055e-02,6.80918396e-02,4.99510020e-02,8.04376826e-02,4.96762395e-02,2.17404198e-02,3.02198548e-02,7.54506961e-02,7.95272887e-02,3.59959379e-02,7.01416954e-02,2.67168693e-02,1.65946484e-02,3.75129730e-02,1.73642077e-02,7.34068453e-02,3.57419848e-02,5.93459979e-02,7.48629719e-02,4.86666262e-02,1.08651347e-01,4.13349569e-02,7.54247531e-02,1.22444808e-01,7.52691701e-02,8.74689370e-02,1.04340628e-01,9.94200557e-02,1.20488025e-01
1.13075845e-01,1.28416508e-01,1.12791561e-01,1.31288648e-01,5.52259982e-02,1.08768485e-01,9.35904831e-02,2.11163666e-02,6.72497898e-02,7.31249154e-02,4.62961867e-02,6.70826510e-02,9.48202237e-02,6.31756634e-02,4.89447452e-02,5.74263409e-02,1.96631011e-02,5.40816933e-02,7.62380883e-02,3.17661054e-02,3.90191711e-02,2.95271985e-02,4.85735796e-02,1.07716890e-02,4.12481166e-02,2.55563613e-02,1.56358071e-02,6.36848360e-02,4.59107310e-02,1.20441923e-02,4.46478613e-02,6.77700266e-02,9.48535576e-02,8.87139440e-02,9.70506072e-02,1.26951247e-01,9.25573856e-02,1.12230264e-01,7.10255876e-02,8.23690742e-02,7.39982501e-02,7.77007118e-02,1.33254558e-01,8.73001739e-02,5.06543815e-02,1.05728745e-01,9.19825882e-02,9.23702270e-02,5.08161597e-02,3.33307087e-02,8.20773020e-02,4.93480638e-02,8.28138813e-02,4.74993438e-02,5.39422892e-02,6.94946647e-02,9.15518478e-02,9.59967524e-02,5.88827357e-02,4.63237986e-02,5.71977198e-02,7.91932456e-03,5.91591224e-02,7.94587210e-02,2.77067795e-02,-1.61567200e-02,8.16271678e-02,2.02410780e-02,4.90602702e-02,6.62442818e-02,1.02060981e-01,7.03214258e-02,9.29622054e-02,1.22464128e-01,6.93522841e-02,7.27253705e-02,1.03282914e-01,1.00209571e-01,1.10602833e-01,7.33333826e-02,9.57080275e-02
1.10776462e-01,1.41276538e-01,1.29225045e-01,1.13368079e-01,1.36580333e-01,5.42726889e-02,1.17927358e-01,7.12227970e-02,9.12317708e-02,9.14262533e-02,7.43230209e-02,1.17361389e-01,6.37845919e-02,4.56122719e-02,5.53666875e-02,9.06122103e-02,3.51651423e-02,4.47860509e-02,6.29331619e-02,5.01163080e-02,1.91956870e-02,3.41994502e-02,3.80042866e-02,5.57242408e-02,5.04017472e-02,1.44807743e-02,8.80067348e-02,5.89416288e-02,6.87478036e-02,1.22803733e-01,6.09333552e-02,1.06930338e-01,7.01607913e-02,8.01249966e-02,1.59420952e-01,1.72506407e-01,6.09895587e-02,1.18682109e-01,1.59158826e-01,5.35046160e-02,1.47015333e-01,1.51861921e-01,1.08973138e-01,1.04519412e-01,1.18115127e-01,1.13641113e-01,1.14812270e-01,1.29041106e-01,1.07578591e-01,8.20809901e-02,3.07266936e-02,5.06278425e-02,1.00668855e-01,6.48213476e-02,1.07317604e-01,7.56975487e-02,2.40403600e-02,2.68887226e-02,3.29406783e-02,1.15708739e-01,3.20060328e-02,9.60792750e-02,1.44873885e-02,7.22770244e-02,2.61897445e-02,4.32234295e-02,3.74567248e-02,4.53343093e-02,9.59136188e-02,7.05034062e-02,1.20042391e-01,1.00638472e-01,6.63689673e-02,1.01335682e-01,9.32672769e-02,5.87761253e-02,1.01979822e-01,9.22939256e-02,1.00543618e-01,8.19619149e-02,1.10869423e-01
1.03869468e-01,1.22536905e-01,9.92204100e-02,1.08913571e-01,1.03203155e-01,1.28343076e-01,1.37082651e-01,1.06379196e-01,9.23566967e-02,5.99357150e-02,8.28239769e-02,1.02920860e-01,8.81775469e-02,1.06063448e-01,5.85144497e-02,1.00267172e-01,4.16280031e-02,5.88619597e-02,6.05542921e-02,1.01456586e-02,7.58151710e-02,2.41249762e-02,2.08212826e-02,6.68167993e-02,7.44255856e-02,5.00220954e-02,6.39341921e-02,5.10809384e-02,9.57518965e-02,1.08658955e-01,1.03398249e-01,7.00099096e-02,1.10168777e-01,9.91918892e-02,1.19675376e-01,1.08913228e-01,1.45259812e-01,1.27682313e-01,1.28272966e-01,1.07807919e-01,8.82139653e-02,1.21891111e-01,8.90051275e-02,1.35846302e-01,7.73471370e-02,1.07085899e-01,1.10418163e-01,8.49177316e-02,7.73428231e-02,9.93832052e-02,6.12988807e-02,7.60296732e-02,1.15853891e-01,5.39514981e-02,5.74248955e-02,6.80777207e-02,9.20742527e-02,5.73264025e-02,4.53813933e-02,3.96602675e-02,4.21080478e-02,4.55440879e-02,5.20597212e-02,1.24701999e-01,6.50748834e-02,7.64923617e-02,1.03496782e-01,5.82562871e-02,8.15168172e-02,1.05162583e-01,8.16103816e-02,1.16493307e-01,9.52628627e-02,1.46721393e-01,9.32638049e-02,4.10456024e-02,1.01892270e-01,9.68536437e-02,1.26421317e-01,9.44397748e-02,9.95679051e-02
1.25366971e-01,9.88103971e-02,1.72601283e-01,9.16080773e-02,6.63309917e-02,9.62792709e-02,3.84987369e-02,8.67808759e-02,1.13961250e-01,1.23994827e-01,8.35611671e-02,1.04230694e-01,9.64771733e-02,4.67726588e-02,4.97085936e-02,4.94103171e-02,5.60318381e-02,2.82083154e-02,5.35449721e-02,3.49706821e-02,3.21284123e-02,5.10549061e-02,8.77261236e-02,1.02741644e-01,6.75449297e-02,8.45998153e-02,7.70641342e-02,5.53767271e-02,9.75565240e-02,5.91464005e-02,8.73792544e-02,8.63275528e-02,7.21411854e-02,7.91010410e-02,1.38555601e-01,1.47043779e-01,1.04979098e-01,1.34478033e-01,8.76685604e-02,1.19614676e-01,9.88719538e-02,1.07024424e-01,1.24454036e-01,1.49887383e-01,1.10314183e-01,1.36560857e-01,1.24870516e-01,1.52609110e-01,6.98752180e-02,1.53423414e-01,1.00767016e-01,1.14883207e-01,5.62885776e-02,5.75315803e-02,7.36766607e-02,9.19242501e-02,4.46805172e-02,9.54484195e-02,2.82669067e-02,1.24804368e-02,3.52785923e-02,3.65318321e-02,4.95166816e-02,6.54535666e-02,7.02984780e-02,5.83540685e-02,1.24007687e-01,1.00614220e-01,9.41877365e-02,8.00909102e-02,9.96465534e-02,1.08647786e-01,8.88982117e-02,9.96099710e-02,1.00136757e-01,8.93909261e-02,1.23941436e-01,1.13633268e-01,1.54700518e-01,7.76011795e-02,1.55756846e-01
1.07055761e-01,1.07392237e-01,1.44957066e-01,1.09633856e-01,1.14577577e-01,1.46797091e-01,5.11048213e-02,5.46932295e-02,8.98013115e-02,4.27773036e-02,8.13014284e-02,9.76704881e-02,4.52528000e-02,3.06976456e-02,8.93860906e-02,9.85676125e-02,9.29495543e-02,9.55729038e-02,3.24620418e-02,1.01611026e-01,5.61975390e-02,5.87474629e-02,7.85968527e-02,7.66400620e-02,5.51120974e-02,3.38572934e-02,8.04983005e-02,7.30780438e-02,1.03309698e-01,8.85055810e-02,1.05696969e-01,8.18739906e-02,9.82413068e-02,1.11795783e-01,1.05038196e-01,1.19776413e-01,1.25726014e-01,1.25697672e-01,1.16922341e-01,8.35871026e-02,1.08147122e-01,1.18755072e-01,1.02456637e-01,1.29413560e-01,9.92987379e-02,1.62397593e-01,7.72242695e-02,9.83161107e-02,1.74567655e-01,9.52354968e-02,6.18205629e-02,1.13912120e-01,6.00156263e-02,7.60918483e-02,8.62219483e-02,2.70933043e-02,7.36877099e-02,3.94962952e-02,6.63020015e-02,5.11573292e-02,6.58072680e-02,7.56418034e-02,9.63000208e-02,6.58633560e-02,8.20915848e-02,7.85757527e-02,1.03037000e-01,9.29300413e-02,9.27428007e-02,1.04904301e-01,6.89905137e-02,8.65246654e-02,1.28962502e-01,5.72016276e-02,9.39787328e-02,9.87357944e-02,1.12193391e-01,1.01633251e-01,9.69451964e-02,1.17133640e-01,9.74251702e-02
1.33667052e-01,1.34297743e-01,1.67688638e-01,7.43854493e-02,1.62954360e-01,1.08687803e-01,6.98614940e-02,9.98436362e-02,1.00338079e-01,6.70118779e-02,8.84371027e-02,1.18123367e-01,1.09764330e-01,9.73898321e-02,5.35907745e-02,8.77065063e-02,4.87369373e-02,5.78563735e-02,6.14869110e-02,1.15171134e-01,3.95918898e-02,3.47800776e-02,2.63411663e-02,1.11796282e-01,5.26590347e-02,2.34625749e-02,6.65403306e-02,8.56126770e-02,1.05925232e-01,7.70826563e-02,1.02543682e-01,1.06892683e-01,8.81785154e-02,1.06777325e-01,9.73464996e-02,1.36400729e-01,1.18367940e-01,1.56164408e-01,1.35297865e-01,8.88599902e-02,1.26932889e-01,1.34726688e-01,1.59129634e-01,1.22998528e-01,1.35669664e-01,1.70671970e-01,1.69843301e-01,1.19516596e-01,7.17959180e-02,9.89816934e-02,9.99351814e-02,1.46537766e-01,5.99735491e-02,5.25835305e-02,4.72372621e-02,5.31201102e-02,4.85228710e-02,8.94368440e-02,8.72262567e-02,4.52627614e-02,5.78637719e-02,6.31777495e-02,6.54526502e-02,6.25785738e-02,9.36775431e-02,8.22802931e-02,6.95468560e-02,7.38154426e-02,7.91726187e-02,6.11915030e-02,1.19380750e-01,8.99498910e-02,1.14853233e-01,1.15848407e-01,9.53446478e-02,9.05342996e-02,1.37625620e-01,1.25183374e-01,1.24206364e-01,1.39552206e-01,1.25093281e-01
1.13517463e-01,1.74339220e-01,1.29809037e-01,1.10443093e-01,1.01236768e-01,1.49303615e-01,8.86257067e-02,9.78508964e-02,1.00378864e-01,9.27695706e-02,1.12853862e-01,1.10992007e-01,4.36587222e-02,8.66014212e-02,1.04890704e-01,6.59579411e-02,6.19334765e-02,7.73255751e-02,6.42151237e-02,7.10003674e-02,3.19371521e-02,8.19293484e-02,5.48195466e-02,9.09956172e-02,8.03669617e-02,9.02053490e-02,9.78152454e-02,9.53483060e-02,5.85199185e-02,1.25516772e-01,8.93472582e-02,1.02400459e-01,1.47034720e-01,1.07055895e-01,1.12526879e-01,1.58613250e-01,1.11356668e-01,1.37701631e-01,1.45992279e-01,1.95334926e-01,1.51933581e-01,1.66057214e-01,1.40491024e-01,1.52805701e-01,1.36246786e-01,1.52470827e-01,1.07839808e-01,1.41936854e-01,1.19478278e-01,1.20482974e-01,9.12341624e-02,1.05146818e-01,5.85536696e-02,1.06723242e-01,9.57641453e-02,1.34711951e-01,9.08175483e-02,8.56591836e-02,6.62638098e-02,5.19888774e-02,7.05365986e-02,4.18231115e-02,6.33240938e-02,6.21115901e-02,1.40797183e-01,8.69769529e-02,1.36578605e-01,8.95335749e-02,1.10606402e-01,8.11923370e-02,8.41414183e-02,1.08013391e-01,1.15577146e-01,1.57915145e-01,1.36092007e-01,1.16646871e-01,1.38232410e-01,9.25412476e-02,8.55356380e-02,1.16374709e-01,1.68901086e-01
1.41078696e-01,1.17774419e-01,1.17177866e-01,7.70689324e-02,1.35316908e-01,1.09516487e-01,8.13844278e-02,1.32107481e-01,1.06237449e-01,1.48618072e-01,1.00835733e-01,7.77442902e-02,1.23681188e-01,8.55436102e-02,3.46636027e-02,9.75038856e-02,7.63716027e-02,7.14267865e-02,1.25576064e-01,7.29803368e-02,9.35526341e-02,3.94127741e-02,9.72253159e-02,1.12903900e-01,3.50900069e-02,5.15350327e-02,1.11925326e-01,1.00884266e-01,1.30640090e-01,1.30435318e-01,1.15161531e-01,7.03057051e-02,1.47145897e-01,1.17427938e-01,1.17034830e-01,1.23217247e-01,1.63169548e-01,1.25424042e-01,1.24538779e-01,1.45069674e-01,1.76682621e-01,1.23395845e-01,1.53288692e-01,1.28793746e-01,1.02005236e-01,1.03647225e-01,1.23495124e-01,9.95602608e-02,8.44759271e-02,6.61065131e-02,1.20628312e-01,4.08436842e-02,9.84269828e-02,1.17274076e-01,1.35245770e-01,7.26856068e-02,6.64700121e-02,3.44542377e-02,6.36843666e-02,5.96732348e-02,6.43120334e-02,9.30465162e-02,9.75250155e-02,1.02524363e-01,7.24895373e-02,8.00587833e-02,6.99831024e-02,1.07675202e-01,1.22766718e-01,8.21352750e-02,7.79677704e-02,1.41730487e-01,1.12443514e-01,1.10389128e-01,6.89644516e-02,1.43165901e-01,9.34258625e-02,1.49243012e-01,1.24996752e-01,7.28380233e-02,1.29676774e-01
1.12990536e-01,1.13184907e-01,1.56658471e-01,1.25600830e-01,1.12904482e-01,1.37635276e-01,1.01294331e-01,1.66163892e-01,6.92552105e-02,1.35256410e-01,1.05382174e-01,6.68572336e-02,7.82718062e-02,1.33906677e-01,8.11891854e-02,7.28071034e-02,1.58701003e-01,1.17987752e-01,7.57795349e-02,6.20743260e-02,2.75766663e-02,4.51740362e-02,1.27552032e-01,3.35775241e-02,7.85577372e-02,1.22121900e-01,6.67003319e-02,6.51285797e-02,1.23642072e-01,1.27892569e-01,8.18685070e-02,1.29343539e-01,1.32140502e-01,1.44005775e-01,1.69881940e-01,1.08977273e-01,9.06409249e-02,1.90592527e-01,1.37896776e-01,1.44606367e-01,9.79376808e-02,1.05084881e-01,1.26283199e-01,9.47033018e-02,1.30416065e-01,1.04953125e-01,1.15897618e-01,7.93421417e-02,1.58351272e-01,1.63403943e-01,6.56175166e-02,1.41062409e-01,7.37085417e-02,8.33802745e-02,8.16387236e-02,1.14639066e-01,1.06928453e-01,5.20073250e-02,7.59695917e-02,1.17265925e-01,8.48900005e-02,9.18329805e-02,8.22578818e-02,1.04127333e-01,5.54432720e-02,8.15465450e-02,7.33267516e-02,9.45007131e-02,5.55917844e-02,9.68260169e-02,1.11822590e-01,1.34059489e-01,1.38698965e-01,8.56451839e-02,1.54277951e-01,1.15161866e-01,1.45845339e-01,1.70619622e-01,1.35259867e-01,1.41552806e-01,1.27638981e-01
9.62651819e-02,1.19716868e-01,1.16095006e-01,1.21294133e-01,1.25804320e-01,9.12388638e-02,1.52680442e-01,1.28665254e-01,1.15856938e-01,1.37553006e-01,7.79909790e-02,1.07029594e-01,8.78163949e-02,1.24612145e-01,4.97195087e-02,1.15703918e-01,8.45585093e-02,1.09501593e-01,1.10219799e-01,6.72702417e-02,3.06998771e-02,5.87225668e-02,9.60349813e-02,9.95121971e-02,8.20829645e-02,1.13239430e-01,7.64836967e-02,7.05092475e-02,6.64629564e-02,8.05337504e-02,1.47596598e-01,1.06947243e-01,1.14031799e-01,1.45806596e-01,1.45219699e-01,1.01733543e-01,1.25401840e-01,9.70893130e-02,1.53995395e-01,1.55290410e-01,6.86828792e-02,1.52062461e-01,1.19369060e-01,1.32254198e-01,8.72782543e-02,1.05877787e-01,1.26325756e-01,1.27058044e-01,1.07106231e-01,9.28388536e-02,1.20264508e-01,1.01331815e-01,8.18821639e-02,9.68278199e-02,8.34103450e-02,8.24568272e-02,9.59365219e-02,1.00798175e-01,1.42576277e-01,6.63843378e-02,4.27063331e-02,6.67380169e-02,9.12659392e-02,5.63813001e-02,6.83797374e-02,1.12865590e-01,9.10591558e-02,1.01878740e-01,1.37387455e-01,1.06260762e-01,1.06106527e-01,9.37061980e-02,1.04306847e-01,5.60041703e-02,1.19985946e-01,1.08430870e-01,1.14051610e-01,1.59005865e-01,1.35635212e-01,9.69194546e-02,1.24774195e-01
1.32282987e-01,1.53297827e-01,1.16530485e-01,9.72840562e-02,1.49203479e-01,1.07605040e-01,1.51713192e-01,1.27211556e-01,1.17977023e-01,1.35958806e-01,1.04314819e-01,6.24661483e-02,8.88779238e-02,6.09803349e-02,1.04870535e-01,7.66363367e-02,1.11839771e-01,6.82442039e-02,1.07926071e-01,5.63521311e-02,9.56188291e-02,8.70376006e-02,8.57373402e-02,9.62283015e-02,8.37185159e-02,9.95679200e-02,1.06991611e-01,9.96592119e-02,1.20859556e-01,9.23871845e-02,7.09014386e-02,1.05460279e-01,1.09384269e-01,1.08354360e-01,8.81987140e-02,1.09320231e-01,7.35021010e-02,1.62909761e-01,1.45049125e-01,1.21470928e-01,1.51823133e-01,1.35432109e-01,1.62256971e-01,1.41534626e-01,1.62762865e-01,1.49431378e-01,1.22419491e-01,1.28786609e-01,1.26065537e-01,8.93969983e-02,8.69855881e-02,1.00989178e-01,8.45772922e-02,1.37718618e-01,9.31561962e-02,9.73942801e-02,8.77908096e-02,9.29838568e-02,8.04064572e-02,8.22678655e-02,3.82486768e-02,6.12247102e-02,8.19426179e-02,3.46940532e-02,1.18199572e-01,6.93212971e-02,1.19038381e-01,1.33256942e-01,1.03560954e-01,1.04624100e-01,9.69182327e-02,1.28981948e-01,1.36791319e-01,5.51299490e-02,1.42441586e-01,1.48574442e-01,9.84361693e-02,1.44265950e-01,1.47691116e-01,1.14197269e-01,7.76640326e-02
1.07172124e-01,1.73197001e-01,1.22268520e-01,1.54807732e-01,1.30281210e-01,1.20452955e-01,1.02942333e-01,1.18290648e-01,7.58539736e-02,1.35731161e-01,1.30530015e-01,1.33808389e-01,1.12676881e-01,1.09718867e-01,8.72275531e-02,5.01241647e-02,7.59131834e-02,8.95604789e-02,9.96937454e-02,7.89216831e-02,5.28376587e-02,8.50514248e-02,1.03899635e-01,9.29527432e-02,5.94794862e-02,6.72143251e-02,1.24330446e-01,5.44100441e-02,1.04242787e-01,1.27306923e-01,1.02652706e-01,1.00829341e-01,1.10026978e-01,9.85216498e-02,1.83194533e-01,1.25935599e-01,1.40116051e-01,1.30105957e-01,1.35733083e-01,1.33303806e-01,1.74022838e-01,1.16223805e-01,1.20778397e-01,1.20859735e-01,9.35382545e-02,1.29000768e-01,8.99313986e-02,1.06477909e-01,1.05151407e-01,1.64097950e-01,9.51936021e-02,7.21569657e-02,7.82656446e-02,1.15942679e-01,9.45478678e-02,1.14040144e-01,6.94275126e-02,6.63178265e-02,7.79089779e-02,6.79384172e-02,4.17246521e-02,5.26883304e-02,5.59665747e-02,1.02343343e-01,7.79386461e-02,9.52300504e-02,9.40166861e-02,1.27549022e-01,1.48555934e-01,9.05918404e-02,8.15856159e-02,5.16866967e-02,8.66300166e-02,1.12545483e-01,1.42670035e-01,9.21193957e-02,1.12976708e-01,1.07852869e-01,1.22170091e-01,1.50861114e-01,1.01428486e-01
1.95800036e-01,1.10313214e-01,1.12219959e-01,1.34359226e-01,1.57730699e-01,6.89000562e-02,1.42568871e-01,1.30687848e-01,1.19415447e-01,1.30354553e-01,1.66443899e-01,1.42691210e-01,1.41594693e-01,1.08671680e-01,1.02145895e-01,1.19021386e-01,1.13389820e-01,1.01031251e-01,7.58011267e-02,7.59007707e-02,4.85914946e-02,8.81489590e-02,8.87836590e-02,1.06581986e-01,7.17469528e-02,6.87558278e-02,9.43262875e-02,1.05563849e-01,1.14628650e-01,8.60971734e-02,1.68367252e-01,8.41275379e-02,1.26471817e-01,1.11718476e-01,1.18802555e-01,1.20962396e-01,8.95022079e-02,1.27101466e-01,1.37338445e-01,1.56718403e-01,7.32881054e-02,1.22103192e-01,1.86733440e-01,1.02338351e-01,9.10075307e-02,7.64084980e-02,1.32170826e-01,8.95586833e-02,1.07343361e-01,1.37230396e-01,6.48436025e-02,6.76339120e-02,9.52707008e-02,6.22711964e-02,8.62872973e-02,2.58757416e-02,5.59267327e-02,3.69060561e-02,5.82088344e-02,1.00446351e-01,4.84846011e-02,5.62685467e-02,1.29649535e-01,5.67994006e-02,8.51358920e-02,9.52080861e-02,1.26156956e-01,1.77327707e-01,6.93841055e-02,4.83057722e-02,9.55848917e-02,5.90147451e-02,8.29295069e-02,1.07811980e-01,8.20889249e-02,6.52978644e-02,1.00167744e-01,1.56516030e-01,8.97949338e-02,1.05270803e-01,1.31140545e-01
1.31693557e-01,1.46162078e-01,1.26019031e-01,1.03063300e-01,1.40525341e-01,1.42925978e-01,1.42637461e-01,1.16501048e-01,1.24520279e-01,1.05865583e-01,8.41162652e-02,1.12256363e-01,1.04427136e-01,9.27899778e-02,1.40244156e-01,7.26882368e-02,7.04306886e-02,1.16179831e-01,9.29253995e-02,9.32173505e-02,1.04249708e-01,8.40333477e-02,7.43031725e-02,9.11547765e-02,1.04136974e-01,1.06757924e-01,1.08074948e-01,1.08108431e-01,1.02775097e-01,8.51006657e-02,1.26710668e-01,1.00173377e-01,7.22842515e-02,8.55666101e-02,1.55308455e-01,1.51148707e-01,1.37246534e-01,1.12866268e-01,1.42095134e-01,1.46047518e-01,1.84498340e-01,1.13851726e-01,8.39799792e-02,1.34316027e-01,1.24615446e-01,1.23825200e-01,1.17283747e-01,1.33656055e-01,7.77202845e-02,1.31515935e-01,1.01380736e-01,6.39318228e-02,9.40871835e-02,8.26486722e-02,5.99292442e-02,9.39707458e-02,1.06119625e-01,7.58012980e-02,8.96042883e-02,7.91072845e-02,4.22108956e-02,9.71518606e-02,5.81676848e-02,7.01708347e-02,1.16047844e-01,8.26676041e-02,1.26838967e-01,7.34109804e-02,9.36072543e-02,9.39061791e-02,9.82253999e-02,1.15390688e-01,1.32282108e-01,1.01782076e-01,1.72594115e-01,1.74544424e-01,1.27811939e-01,1.45503178e-01,1.07980341e-01,1.66939929e-01,1.36158809e-01
1.15377992e-01,1.06800660e-01,1.54674485e-01,1.38791308e-01,1.09613679e-01,1.46711349e-01,1.50153846e-01,1.48210824e-01,9.75554511e-02,1.60315767e-01,7.72886872e-02,1.22986667e-01,4.80394140e-02,1.24885902e-01,5.72305024e-02,7.04222545e-02,6.89491108e-02,1.30473688e-01,7.28236213e-02,3.62674408e-02,1.11087300e-01,7.14631528e-02,6.97339252e-02,1.01277962e-01,8.00189897e-02,7.14849830e-02,5.50598428e-02,4.90150452e-02,7.49446675e-02,1.21955074e-01,1.10343806e-01,3.77044789e-02,1.41014248e-01,1.05945483e-01,1.44659773e-01,1.39646113e-01,8.40880573e-02,1.36768296e-01,1.17338903e-01,6.96679503e-02,1.02040835e-01,1.54834419e-01,1.40703067e-01,1.23232767e-01,1.35239035e-01,1.24939404e-01,1.02432586e-01,1.30203605e-01,1.22368999e-01,1.04319759e-01,1.47388026e-01,7.63647854e-02,9.90670025e-02,1.15410835e-01,6.91063255e-02,1.26781404e-01,7.11292922e-02,7.33823925e-02,2.59034391e-02,8.27254802e-02,7.01097697e-02,7.78085664e-02,8.69974494e-02,4.91701663e-02,9.53247175e-02,8.06303695e-02,1.16721436e-01,1.20106339e-01,1.24174468e-01,6.68096319e-02,9.14296433e-02,1.04247421e-01,1.20174013e-01,9.74438041e-02,5.96482083e-02,1.46786585e-01,1.15668744e-01,1.05394833e-01,1.17395915e-01,1.22932173e-01,1.04270317e-01
1.10249415e-01,1.59906492e-01,1.15506120e-01,1.27428368e-01,1.13428295e-01,1.55704260e-01,1.12346947e-01,8.84127691e-02,1.07506759e-01,1.37415141e-01,1.19393304e-01,1.15232840e-01,1.22550480e-01,6.52263016e-02,7.53063038e-02,1.03038147e-01,9.60565954e-02,9.41262618e-02,1.22980513e-01,5.67592680e-02,9.90323275e-02,4.73673940e-02,8.68644044e-02,9.58433971e-02,8.63041729e-02,1.08873419e-01,4.84523065e-02,1.02210477e-01,8.46958905e-02,8.40007886e-02,1.38912752e-01,1.07601903e-01,8.69773179e-02,9.53154564e-02,9.90822688e-02,1.20955192e-01,1.47474006e-01,1.00788213e-01,1.10959932e-01,1.58036709e-01,1.28637999e-01,9.17443261e-02,1.00257233e-01,1.46024719e-01,1.28772989e-01,1.26079962e-01,9.69590694e-02,9.42194760e-02,1.03344969e-01,9.81730968e-02,1.17504038e-01,9.34962407e-02,7.26684183e-02,8.30691159e-02,6.84568956e-02,5.64152077e-02,5.22443168e-02,7.83829466e-02,1.03539534e-01,4.48494777e-02,7.28670135e-02,8.75289515e-02,1.30042061e-01,4.24368121e-02,9.20962989e-02,6.51052073e-02,6.52233213e-02,1.01550877e-01,1.19703740e-01,1.41645506e-01,7.46401697e-02,9.75546613e-02,1.30173564e-01,1.41700894e-01,1.34502083e-01,1.20367475e-01,1.25049546e-01,1.42451197e-01,1.30595326e-01,1.40336201e-01,1.03390642e-01
9.30056944e-02,1.61255509e-01,1.18996404e-01,7.86623955e-02,1.21397324e-01,1.65719509e-01,9.30735022e-02,8.19266289e-02,1.21493928e-01,1.48702189e-01,1.11573331e-01,9.16503444e-02,7.69406855e-02,9.37433317e-02,1.05562791e-01,7.99320787e-02,8.82747322e-02,8.53216201e-02,9.85264182e-02,1.08639322e-01,5.45123629e-02,8.11370760e-02,8.46166462e-02,1.31568581e-01,1.05512545e-01,6.14440441e-02,1.06133841e-01,2.55505345e-03,9.54382792e-02,1.33615330e-01,1.11826271e-01,6.95489123e-02,1.00169763e-01,8.77220333e-02,1.04662411e-01,8.29468369e-02,1.12442769e-01,1.01417035e-01,1.24512136e-01,9.48438421e-02,1.14741392e-01,1.47368759e-01,9.77372304e-02,1.68891355e-01,1.35770261e-01,9.29340646e-02,1.39656693e-01,1.22276075e-01,1.48017168e-01,1.36903659e-01,1.06442347e-01,6.81277514e-02,5.78621961e-02,9.23362896e-02,6.63618371e-02,7.57896006e-02,5.30787818e-02,4.91356254e-02,7.66442269e-02,7.19990060e-02,2.87243202e-02,1.02774665e-01,6.82314634e-02,1.12624533e-01,8.78432170e-02,6.57852069e-02,8.06593075e-02,9.04863104e-02,7.35976249e-02,7.34233484e-02,5.72337769e-02,7.83926845e-02,8.83834064e-02,7.18159825e-02,1.24930732e-01,1.15243308e-01,9.12475586e-02,1.58436731e-01,1.26266196e-01,1.84897453e-01,1.23216219e-01
1.21955976e-01,9.46528465e-02,1.03424825e-01,9.71321166e-02,1.70515567e-01,1.30097732e-01,9.30021778e-02,8.64456221e-02,9.88187045e-02,1.29703045e-01,9.82412547e-02,1.08294673e-01,9.92380306e-02,9.78151783e-02,9.50513557e-02,1.09498881e-01,9.93867144e-02,8.10501873e-02,8.41074809e-02,5.32216765e-02,6.88554645e-02,7.04414845e-02,6.00846857e-02,6.42168671e-02,1.03138760e-01,1.00040697e-01,7.25230947e-02,1.21483997e-01,7.17886686e-02,8.71651545e-02,8.57538953e-02,1.31815821e-01,1.16357982e-01,1.04356997e-01,1.34219661e-01,1.10528834e-01,1.22216523e-01,1.17335923e-01,1.46049038e-01,1.14406101e-01,1.15912884e-01,1.01947710e-01,7.27701262e-02,1.39865309e-01,9.61268172e-02,1.19106151e-01,1.30544692e-01,9.25750062e-02,1.09082796e-01,9.30458829e-02,1.09183349e-01,8.17546323e-02,1.06834218e-01,7.25539774e-02,9.57245305e-02,5.42778410e-02,1.14094682e-01,6.24790490e-02,7.15233907e-02,4.02914137e-02,7.40644261e-02,1.12492763e-01,8.74707401e-02,8.33084583e-02,7.46886954e-02,9.70130339e-02,8.19759816e-02,1.24785818e-01,8.64143968e-02,1.00441992e-01,5.52414730e-02,1.00905180e-01,7.30114132e-02,1.11759126e-01,1.30012393e-01,1.30872890e-01,1.13897242e-01,8.59403312e-02,8.88469219e-02,8.03666264e-02,1.11972027e-01
1.12224117e-01,1.57187626e-01,1.24591284e-01,9.21104699e-02,1.27552256e-01,1.19235151e-01,7.12013021e-02,1.21317066e-01,9.10978243e-02,1.15452379e-01,9.03600976e-02,6.66512847e-02,1.16024032e-01,8.04308206e-02,9.55318660e-02,6.30439818e-02,5.57410158e-02,6.69085234e-02,9.66657847e-02,3.60798649e-02,5.31926006e-02,4.24489416e-02,8.64020586e-02,8.45943168e-02,1.08557142e-01,5.80019429e-02,9.81949419e-02,3.53373662e-02,1.10138200e-01,9.04298276e-02,6.29726872e-02,1.15928218e-01,1.47163168e-01,1.26801461e-01,1.27375469e-01,1.52839199e-01,1.24221839e-01,1.04465939e-01,9.61398929e-02,1.61168605e-01,1.23172805e-01,1.23094305e-01,1.31773993e-01,9.87806991e-02,1.43531337e-01,9.87891853e-02,8.20222721e-02,1.02263264e-01,1.07511535e-01,1.38921663e-01,7.16922805e-02,1.17868081e-01,3.21802273e-02,9.54085439e-02,5.40159233e-02,6.77320063e-02,9.07026827e-02,6.38479218e-02,9.19197276e-02,1.99827235e-02,4.31658365e-02,1.24206558e-01,7.27320015e-02,7.02266023e-02,3.62645797e-02,5.86299598e-02,1.06985494e-01,1.14968121e-01,9.47297513e-02,1.06521755e-01,1.14859939e-01,1.16677597e-01,1.40086293e-01,1.13069892e-01,1.58888265e-01,1.16318196e-01,1.21562384e-01,1.05767637e-01,1.69069976e-01,8.75817016e-02,6.61229491e-02
6.95869997e-02,9.96898115e-02,1.49220094e-01,8.92308801e-02,8.32672864e-02,1.06794149e-01,1.46923229e-01,8.89870077e-02,6.98143914e-02,9.37595665e-02,9.10732895e-02,8.38060603e-02,7.09344894e-02,4.20428701e-02,5.14545143e-02,8.91470537e-02,7.65628293e-02,7.51331970e-02,6.36348352e-02,9.96624827e-02,8.56757760e-02,6.88474104e-02,7.99886435e-02,3.08453757e-02,4.72427383e-02,1.01020522e-01,8.84739682e-02,5.25369458e-02,7.14021325e-02,1.09390914e-01,6.18613465e-03,7.55404457e-02,1.14000209e-01,1.12063438e-01,9.24611837e-02,1.20131999e-01,1.05688050e-01,1.17228366e-01,1.35241359e-01,8.52194130e-02,1.17932983e-01,1.46975026e-01,1.30649045e-01,1.40872970e-01,1.49793565e-01,5.79768196e-02,1.54030159e-01,1.02016270e-01,9.85636190e-02,1.08627751e-01,8.25827792e-02,6.67956099e-02,8.11770186e-02,8.65066648e-02,8.04652497e-02,8.72869268e-02,7.23255649e-02,5.05562834e-02,8.06632265e-02,9.13057774e-02,8.99738595e-02,7.65303969e-02,4.65795361e-02,7.65451044e-02,7.74816871e-02,4.23579924e-02,1.49769560e-01,7.15951994e-02,8.92726555e-02,6.90312162e-02,6.00945503e-02,9.26052555e-02,1.06782645e-01,1.25082880e-01,1.18273407e-01,1.12529024e-01,1.18601263e-01,1.13971613e-01,1.52410105e-01,1.00322284e-01,8.87364745e-02
9.59987566e-02,9.60574597e-02,8.06038156e-02,9.61434022e-02,1.11476846e-01,9.69591811e-02,1.10238567e-01,1.15633495e-01,1.14272818e-01,8.21457356e-02,1.00421049e-01,6.71915263e-02,6.78392425e-02,9.59611088e-02,9.21525732e-02,2.03307997e-02,1.30095989e-01,1.04511976e-01,7.04151094e-02,4.02314775e-02,9.36141685e-02,8.31034556e-02,5.89390732e-02,9.96839926e-02,1.25279814e-01,7.55216032e-02,6.71424940e-02,1.29402131e-01,8.32993090e-02,9.12520960e-02,1.22153228e-02,4.51430790e-02,1.10791378e-01,1.12127334e-01,9.96486619e-02,1.07742220e-01,6.82999194e-02,8.65632221e-02,9.97083113e-02,1.59755051e-01,1.36144087e-01,1.11823373e-01,1.40913799e-01,8.70347470e-02,1.54769063e-01,1.05499543e-01,3.03101670e-02,9.13257599e-02,1.01424001e-01,7.08453730e-02,1.12453781e-01,9.77265388e-02,7.83907175e-02,1.00078888e-01,6.16582222e-02,9.70680267e-02,2.06597093e-02,8.34782049e-02,6.63800836e-02,8.65763575e-02,5.00378646e-02,5.41488156e-02,4.19028774e-02,8.64691138e-02,4.94074300e-02,6.07780479e-02,8.79647136e-02,7.42334127e-02,6.34963140e-02,4.55713235e-02,7.38315061e-02,7.82712549e-02,1.04457170e-01,8.65483209e-02,1.23578370e-01,1.27078161e-01,7.52753913e-02,1.12041533e-01,1.06096484e-01,1.53973788e-01,1.06787592e-01
1.58475533e-01,8.18968564e-02,1.29018098e-01,8.38107467e-02,1.23230539e-01,9.43526998e-02,9.14541185e-02,6.74084798e-02,9.45165604e-02,1.24462694e-01,6.24208227e-02,8.10222700e-02,1.04441695e-01,8.30339640e-02,3.83612476e-02,7.60167688e-02,8.90906081e-02,6.28572255e-02,5.46174049e-02,7.07963184e-02,8.80010501e-02,8.06652158e-02,4.98710126e-02,5.90256415e-02,1.42290732e-02,7.01942742e-02,6.38417453e-02,8.84618908e-02,4.15074602e-02,4.68971580e-02,1.04581974e-01,9.47580934e-02,1.08565323e-01,9.20860022e-02,1.13276273e-01,8.67270157e-02,9.55835804e-02,9.33987945e-02,1.42899081e-01,1.18073709e-01,1.11207083e-01,1.52460665e-01,1.38871610e-01,8.82319137e-02,9.04386118e-02,1.13159254e-01,1.19765244e-01,9.91394594e-02,7.70505890e-02,7.95840845e-02,5.29589504e-02,1.20527714e-01,6.42099753e-02,1.02894805e-01,6.71111569e-02,4.87625487e-02,9.24529135e-02,4.23547029e-02,5.59747964e-02,7.44591728e-02,8.52336586e-02,5.28851002e-02,5.92891015e-02,3.16653997e-02,2.22251583e-02,1.04873151e-01,1.04115948e-01,7.00793937e-02,1.22665793e-01,8.41013044e-02,5.42727709e-02,8.38799253e-02,1.00356743e-01,9.81699973e-02,1.16709024e-01,1.27817541e-01,1.31540731e-01,1.04333453e-01,9.02618840e-02,1.37094542e-01,9.59127322e-02
1.01155825e-01,1.42676070e-01,1.30554885e-01,1.38291866e-01,1.09688096e-01,1.04005381e-01,9.70059931e-02,1.42868966e-01,1.02509752e-01,8.27770308e-02,5.74304909e-02,7.97631890e-02,6.46458790e-02,6.97729662e-02,7.27262795e-02,6.81870803e-02,3.82739305e-02,2.67246868e-02,7.51621798e-02,7.22944066e-02,7.17466325e-02,9.54775438e-02,5.19944802e-02,3.95769663e-02,7.98249841e-02,4.91913743e-02,1.14887126e-01,5.30358702e-02,7.89592639e-02,1.07155830e-01,1.04588442e-01,9.21882987e-02,1.56839848e-01,1.00417197e-01,7.13959709e-02,8.69289786e-02,1.10420205e-01,1.08894199e-01,7.60889873e-02,1.20814733e-01,6.57662526e-02,6.90328330e-02,1.37441501e-01,8.49623829e-02,1.35385305e-01,1.14365637e-01,5.36914617e-02,7.73560330e-02,9.59952995e-02,4.47245464e-02,8.78672600e-02,7.42923468e-02,1.06767647e-01,3.42176780e-02,2.84962244e-02,6.82364926e-02,6.22292832e-02,4.77235802e-02,4.53361645e-02,7.48582855e-02,1.02173232e-01,8.60142335e-02,7.01160431e-02,1.24491043e-01,8.18045735e-02,7.46856555e-02,6.79877251e-02,7.42595196e-02,7.52302855e-02,9.93933901e-02,1.19272456e-01,8.36767331e-02,8.32575262e-02,4.25093956e-02,8.56946409e-02,9.43632647e-02,1.26629040e-01,1.26177728e-01,1.22155897e-01,7.63356313e-02,9.29852426e-02
9.23348144e-02,9.38382000e-02,9.05706510e-02,1.25228763e-01,8.57506767e-02,1.06798626e-01,3.29532959e-02,6.76402971e-02,1.00742832e-01,1.04990631e-01,1.20011657e-01,7.84098580e-02,7.59042203e-02,1.00998871e-01,8.32385421e-02,5.24209924e-02,6.33096918e-02,4.53750556e-03,5.99079877e-02,4.65487018e-02,8.46946314e-02,7.91641101e-02,4.99109365e-02,4.43063192e-02,4.61786650e-02,7.88714960e-02,1.47261741e-02,7.24235550e-02,1.63864121e-02,9.90091339e-02,1.06224120e-01,6.16347753e-02,9.90540013e-02,8.55951011e-02,1.28331110e-01,5.27366325e-02,9.96723548e-02,1.29088774e-01,1.22758575e-01,5.17253578e-02,8.06840062e-02,1.22986503e-01,6.92960247e-02,1.17403388e-01,1.16899818e-01,8.81832838e-02,1.16394721e-01,1.15983419e-01,1.05666667e-01,1.02162272e-01,7.31799826e-02,7.58991465e-02,5.86330853e-02,4.60670181e-02,1.01558462e-01,4.76255342e-02,5.68632893e-02,7.63637498e-02,7.14536384e-02,6.51772693e-02,3.37311365e-02,9.34901237e-02,7.41472468e-02,4.52406891e-02,6.29869029e-02,1.01345286e-01,9.22093689e-02,9.76449922e-02,6.45160675e-02,1.00519933e-01,6.87430948e-02,7.26264417e-02,6.13732450e-02,2.93162800e-02,1.03193939e-01,7.57118836e-02,7.04664364e-02,1.28904924e-01,6.88237250e-02,1.36386782e-01,1.46079272e-01
1.31894991e-01,8.23775604e-02,1.07324302e-01,1.13544650e-01,7.58590996e-02,3.29422876e-02,1.10691026e-01,8.64239186e-02,8.54871646e-02,4.59274389e-02,7.47470483e-02,1.30566284e-01,9.62127447e-02,4.44014445e-02,7.38892257e-02,4.24227901e-02,3.11877899e-04,4.98284809e-02,6.01184964e-02,4.47860807e-02,3.73215303e-02,8.45512599e-02,4.73806486e-02,7.97607601e-02,4.96164896e-02,3.61096859e-02,6.17837422e-02,5.94244003e-02,1.22932419e-01,1.11929797e-01,8.02544057e-02,7.16150850e-02,1.15718976e-01,7.03087971e-02,1.33018076e-01,1.05100490e-01,1.59118995e-01,8.68913755e-02,1.32762119e-01,9.77373421e-02,6.41511455e-02,9.53494310e-02,7.39076957e-02,1.33615285e-01,8.34787786e-02,9.21473503e-02,9.86397043e-02,4.68988121e-02,7.07856268e-02,9.41520557e-02,5.59783466e-02,8.36508274e-02,6.27305582e-02,4.96424288e-02,1.00486301e-01,5.54184318e-02,5.03701046e-02,1.08939767e-01,1.27350003e-01,2.92169023e-02,6.54489547e-02,2.90719233e-02,1.52114849e-03,6.60048947e-02,2.78616939e-02,7.42348358e-02,1.09214097e-01,5.65339439e-02,3.82806323e-02,6.71217591e-02,7.05943927e-02,9.31579247e-02,6.71989098e-02,1.07283816e-01,9.29404125e-02,8.49844664e-02,9.92311686e-02,4.80931252e-02,1.28859773e-01,9.00254324e-02,6.66314736e-02
1.32825330e-01,1.27922356e-01,9.97860879e-02,1.39837965e-01,9.38381404e-02,9.28877071e-02,4.94997762e-02,9.21920761e-02,9.33028981e-02,1.23094149e-01,6.55490682e-02,2.12361710e-03,6.56220019e-02,6.38063923e-02,5.51263615e-02,8.24444219e-02,4.12120260e-02,3.96479517e-02,1.51956379e-02,6.38279840e-02,4.63507399e-02,1.55829368e-02,9.41504464e-02,3.09159476e-02,1.99486259e-02,6.24582544e-02,4.16075960e-02,4.78691235e-02,6.76281527e-02,5.80258891e-02,6.48697764e-02,6.02892600e-02,1.10221840e-01,2.42968146e-02,1.35395765e-01,1.13981664e-01,7.11343363e-02,8.41391683e-02,9.89268348e-02,1.34889513e-01,8.23686123e-02,1.18869148e-01,1.31383508e-01,1.03932582e-01,6.68443739e-02,1.07991636e-01,1.10315025e-01,1.05118826e-01,8.56234133e-02,8.86232257e-02,5.86049184e-02,7.77939260e-02,8.88218507e-02,5.16207218e-02,8.22587907e-02,8.13611075e-02,6.52380139e-02,4.39359583e-02,1.24250665e-01,7.45950043e-02,3.09665427e-02,-2.36713281e-03,6.71846792e-02,1.02250576e-01,2.81984080e-02,8.03775117e-02,2.05320530e-02,1.13619022e-01,6.05123416e-02,5.85005060e-02,1.32274315e-01,1.02829613e-01,7.52860308e-02,9.20982733e-02,9.58730951e-02,7.04771578e-02,9.92283449e-02,1.16354890e-01,1.02789462e-01,8.69483799e-02,7.99992159e-02
9.77370068e-02,5.56470528e-02,1.23159252e-01,1.16478913e-01,1.45885661e-01,7.87716061e-02,1.18536070e-01,1.30634770e-01,6.80110827e-02,5.56418970e-02,6.14462830e-02,6.06082603e-02,9.28041488e-02,3.22541036e-02,5.15452363e-02,4.02373336e-02,6.52086362e-02,3.07337660e-02,5.86257353e-02,5.90928346e-02,4.72173933e-03,6.69700205e-02,3.32011469e-02,3.16160135e-02,3.74289192e-02,6.30129874e-02,-1.02964626e-03,6.61858395e-02,2.55854037e-02,6.01865798e-02,9.18444619e-02,6.33627772e-02,6.77212849e-02,1.11973494e-01,6.31345659e-02,4.88532446e-02,1.13863587e-01,9.49167982e-02,1.02432407e-01,1.02034703e-01,4.88179512e-02,1.24576554e-01,1.04219168e-01,1.11903436e-01,9.61733758e-02,7.60362297e-02,9.41043422e-02,6.74153119e-02,4.82720658e-02,9.20406729e-02,7.05924630e-02,9.96712297e-02,6.93712234e-02,5.84084317e-02,6.18158206e-02,3.83047648e-02,5.82196154e-02,7.98992291e-02,4.80958633e-02,4.70769964e-02,2.03162264e-02,6.62175864e-02,4.69433591e-02,5.11752963e-02,9.12810490e-02,4.07760479e-02,1.71668064e-02,4.18282710e-02,9.63003784e-02,9.44661424e-02,7.38571361e-02,7.87541568e-02,6.13121539e-02,9.98237059e-02,8.36290270e-02,1.03084505e-01,6.93050772e-02,1.31842077e-01,1.60119146e-01,1.09684937e-01,1.22558914e-01
9.06532407e-02,9.90832373e-02,7.22555593e-02,1.33750141e-01,1.14184223e-01,5.56925908e-02,1.14010297e-01,8.55290070e-02,7.48895779e-02,1.22149877e-01,6.49058670e-02,8.32852796e-02,5.62425926e-02,3.29102874e-02,8.06430131e-02,6.10952750e-02,2.71058790e-02,4.36710902e-02,4.80752401e-02,3.71595323e-02,3.45559902e-02,6.59360737e-02,4.36327010e-02,2.29277387e-02,7.38394707e-02,4.17786241e-02,3.02330889e-02,7.29392022e-02,1.17213063e-01,3.48125808e-02,1.04555301e-01,5.07739671e-02,1.79820452e-02,8.10943693e-02,6.29829392e-02,2.25367956e-02,7.79370144e-02,8.98413211e-02,9.92220640e-02,1.21740863e-01,1.21039376e-01,6.32967651e-02,1.21454045e-01,1.02184266e-01,8.59198570e-02,6.97714165e-02,9.20720920e-02,5.34179062e-02,6.40579537e-02,1.31450906e-01,8.04245248e-02,3.95036079e-02,6.22112043e-02,7.48655722e-02,3.16759720e-02,6.94298968e-02,2.85674515e-03,5.36923669e-02,6.23451062e-02,7.02752620e-02,4.67755832e-02,6.13169707e-02,9.64047164e-02,2.43941750e-02,4.70103957e-02,6.61820099e-02,6.61154389e-02,4.07124758e-02,2.79905815e-02,9.81928036e-02,2.83966325e-02,4.43013459e-02,8.85635167e-02,3.46415490e-02,7.59852603e-02,9.16480720e-02,8.81110504e-02,8.78430456e-02,9.68163013e-02,1.06795199e-01,8.54104683e-02
1.02144659e-01,1.04153492e-01,8.01026300e-02,6.83789998e-02,1.01580836e-01,6.93271235e-02,1.00427963e-01,8.49208236e-02,9.70089361e-02,5.95084243e-02,6.61156625e-02,3.71194221e-02,4.07235846e-02,8.11089575e-02,7.66493902e-02,8.57500210e-02,3.56509797e-02,5.92678376e-02,6.63349330e-02,2.90415771e-02,6.49621636e-02,3.78270373e-02,4.33648787e-02,4.68281060e-02,4.70266417e-02,3.94345745e-02,4.72827852e-02,4.20870446e-02,7.46111050e-02,2.29218751e-02,5.80615997e-02,4.97025214e-02,5.76876514e-02,6.59351796e-02,4.85299937e-02,8.87732357e-02,8.09472278e-02,8.72905478e-02,6.80051893e-02,7.83642679e-02,5.73510565e-02,6.38985634e-02,9.99404937e-02,8.33034217e-02,8.14953893e-02,9.15750116e-02,5.07458486e-02,1.24044433e-01,6.24516755e-02,5.00603355e-02,6.11090176e-02,5.28748855e-02,7.50919729e-02,4.37103920e-02,6.59271553e-02,6.41101003e-02,3.57350931e-02,2.15768944e-02,5.11185899e-02,4.75496240e-02,5.83882518e-02,6.33720234e-02,4.76386249e-02,3.00969686e-02,5.76000996e-02,6.28868341e-02,2.95560248e-02,4.09427471e-02,6.22988753e-02,5.87145761e-02,6.13817088e-02,7.58769661e-02,4.20709290e-02,1.03917241e-01,9.39897001e-02,7.41746202e-02,1.03592396e-01,6.86189383e-02,1.40588939e-01,8.43284801e-02,1.10880814e-01
1.23488337e-01,7.43422434e-02,4.11637686e-02,5.61276115e-02,8.83413181e-02,1.26115903e-01,9.60550979e-02,6.88294545e-02,6.52947500e-02,7.84756169e-02,8.95245746e-02,8.42863917e-02,4.61858399e-02,4.47036624e-02,3.41121256e-02,3.16711292e-02,3.77338678e-02,3.56928445e-02,3.92199717e-02,6.50974512e-02,6.36539608e-02,3.14913057e-02,3.77702452e-02,-4.72531375e-03,1.74997132e-02,7.19846711e-02,6.01238795e-02,7.07731843e-02,5.53465337e-02,4.54217419e-02,2.81220749e-02,1.25177711e-01,7.99405202e-02,5.21550551e-02,9.52912867e-02,5.84469102e-02,7.37242028e-02,8.36408213e-02,1.01819821e-01,5.82023114e-02,1.03412397e-01,7.45642111e-02,6.81169555e-02,8.77291933e-02,6.57182261e-02,3.77323553e-02,5.96891381e-02,6.15965389e-02,4.51464616e-02,1.18056141e-01,1.11706838e-01,5.95405474e-02,5.53818978e-02,1.64010450e-02,2.91405264e-02,3.28499526e-02,1.65157598e-02,3.47964168e-02,3.82277891e-02,1.88213363e-02,-7.85538089e-03,6.39545023e-02,3.25640589e-02,5.27783036e-02,2.30446197e-02,3.23085277e-03,4.46921363e-02,8.08455423e-02,7.37603158e-02,5.77455722e-02,5.44856973e-02,2.52365936e-02,9.35623199e-02,1.01653934e-01,5.57183214e-02,1.46446362e-01,5.47910109e-02,9.01973918e-02,1.06499709e-01,1.38599694e-01,1.13185652e-01
7.70956948e-02,9.28120166e-02,7.76016787e-02,4.90852483e-02,7.70167336e-02,8.02056864e-02,5.76195121e-02,6.03189804e-02,8.66134837e-02,8.87930319e-02,7.36461580e-02,1.31575435e-01,5.20798862e-02,7.13222548e-02,5.92025146e-02,5.64479120e-02,9.06540155e-02,9.02887527e-03,3.45006175e-02,4.36526351e-02,3.29537578e-02,2.10872628e-02,1.17166996e-01,3.39675359e-02,5.17300107e-02,5.81488386e-02,4.24272865e-02,3.32462452e-02,7.31629953e-02,1.11329652e-01,4.96342219e-02,8.08854848e-02,4.63368185e-02,7.49477148e-02,3.00667379e-02,5.97601458e-02,1.10083170e-01,4.58918847e-02,9.53353569e-02,4.30031307e-02,1.56533480e-01,1.00554906e-01,6.46739230e-02,7.87743777e-02,6.59894273e-02,5.12261502e-02,5.11312187e-02,7.98862055e-02,9.39680114e-02,1.02075942e-01,3.36000733e-02,6.62086308e-02,8.01876038e-02,6.93597123e-02,5.47818057e-02,1.13747373e-01,2.88460758e-02,9.96925533e-02,9.86129493e-02,4.18766961e-02,5.27790375e-02,2.78685931e-02,3.44434492e-02,6.89518005e-02,7.01118037e-02,7.87013620e-02,2.52214707e-02,3.55499946e-02,8.42201784e-02,8.56405348e-02,3.82848158e-02,1.15936488e-01,1.13969959e-01,4.71612290e-02,8.94873366e-02,5.63982837e-02,5.51582724e-02,6.41371384e-02,8.92699361e-02,9.21316743e-02,6.92812726e-02
3.06819640e-02,7.43431821e-02,8.53540376e-02,4.70548011e-02,7.77576491e-02,6.10254705e-02,3.89254652e-02,3.97590101e-02,1.03011750e-01,1.02786487e-02,6.24336116e-02,8.08767900e-02,6.46082982e-02,5.96741512e-02,8.06397721e-02,8.91214237e-02,2.60835867e-02,3.22637632e-02,4.82487194e-02,2.82936320e-02,1.06700445e-02,3.03350091e-02,6.99278563e-02,2.70256028e-02,1.60095673e-02,5.01514040e-02,5.17489910e-02,6.68682978e-02,7.73833171e-02,6.60934895e-02,6.22055829e-02,7.11759776e-02,9.66288149e-02,4.37619388e-02,9.47040170e-02,4.55952808e-02,1.29132405e-01,3.96743566e-02,6.21187612e-02,1.40221715e-01,7.99081773e-02,1.23139791e-01,8.87587517e-02,3.82086299e-02,5.17098866e-02,6.89355955e-02,9.66976434e-02,6.89388812e-02,1.15030892e-01,3.47881317e-02,7.95686990e-02,2.59010848e-02,4.85147610e-02,3.14120576e-02,2.37176288e-02,4.25991751e-02,3.81004103e-02,9.42228511e-02,7.38505647e-03,-8.31145979e-03,3.08755860e-02,1.87500939e-02,7.91334808e-02,4.66683954e-02,9.92997885e-02,2.80236024e-02,9.18200240e-02,1.51095502e-02,3.70335393e-03,7.85915554e-02,4.71907854e-02,3.24617103e-02,6.23772219e-02,9.91531983e-02,5.99276386e-02,1.28223792e-01,6.71640709e-02,7.10787624e-02,9.70199704e-02,9.13898572e-02,8.83208066e-02
1.05981626e-01,9.35308263e-02,1.44134209e-01,1.05622083e-01,6.22211769e-02,5.54587133e-02,6.00467324e-02,3.36007625e-02,4.24363278e-02,4.10899073e-02,7.22992495e-02,3.21988724e-02,2.33310722e-02,4.77535985e-02,-1.49423795e-04,4.32168432e-02,5.60203828e-02,4.94390167e-02,3.62535305e-02,3.76536995e-02,1.15100518e-02,4.63124923e-02,5.59182093e-02,7.50281215e-02,3.83963063e-02,4.92828079e-02,5.12042567e-02,7.32234344e-02,6.96156397e-02,1.29042985e-02,2.44414378e-02,6.91993535e-02,2.34125741e-02,7.58835748e-02,1.09665468e-01,2.98433807e-02,6.97552115e-02,1.07295811e-01,6.85849339e-02,7.89006203e-02,2.24929452e-02,8.92585814e-02,8.64110440e-02,3.45159397e-02,3.10640801e-02,7.88547099e-02,2.44862679e-02,2.82572228e-02,3.60952206e-02,5.64741455e-02,1.97843798e-02,4.81611006e-02,6.12816624e-02,6.80498108e-02,1.22372052e-02,7.45356083e-02,1.52972769e-02,9.58399102e-02,3.61128300e-02,2.21342910e-02,-6.88494137e-03,6.01312816e-02,7.58350939e-02,-2.51129130e-03,3.16986144e-02,6.31634146e-02,4.41895165e-02,6.06400073e-02,2.24752333e-02,7.85820037e-02,4.84186262e-02,7.98777044e-02,8.39523822e-02,7.15372562e-02,6.62193149e-02,8.27360153e-02,8.23945254e-02,9.57156941e-02,2.84677297e-02,7.64201656e-02,5.20550460e-02
9.49455127e-02,5.65371104e-02,6.04221188e-02,1.37217402e-01,5.24103194e-02,5.40459007e-02,1.55724138e-02,7.77081624e-02,6.23832904e-02,1.87998470e-02,5.04986495e-02,9.33443010e-02,7.42993280e-02,1.11393511e-01,1.25290379e-02,2.20460612e-02,3.45758907e-02,4.06520851e-02,4.29715365e-02,2.64922548e-02,1.24213090e-02,2.17769910e-02,3.81677374e-02,4.29815464e-02,1.90253053e-02,6.86620623e-02,7.21449405e-03,4.05907780e-02,2.91283261e-02,1.73651744e-02,8.62239823e-02,1.08133331e-01,2.29196418e-02,4.98682708e-02,6.31494373e-02,6.10572286e-02,3.41973305e-02,5.80067746e-02,5.82318678e-02,1.13629669e-01,5.25949523e-02,6.42383248e-02,1.14978686e-01,3.05035226e-02,7.41310492e-02,9.66473818e-02,7.85997063e-02,7.30467588e-02,7.75964633e-02,9.84695256e-02,2.24192999e-02,6.99164346e-02,6.09105565e-02,1.41020399e-02,1.00934088e-01,3.88149023e-02,-1.67134237e-02,7.06201792e-02,3.24439146e-02,2.86140367e-02,5.85954599e-02,-1.46217793e-02,1.92305930e-02,3.35803144e-02,4.45352271e-02,5.93447164e-02,4.19711918e-02,7.01576397e-02,5.67995086e-02,8.15612078e-02,3.48339677e-02,6.88495785e-02,1.11145586e-01,6.72665909e-02,8.30871165e-02,8.01385492e-02,6.36918247e-02,4.14112322e-02,8.61511752e-02,9.67709050e-02,1.17106408e-01
9.20763388e-02,6.43011555e-02,1.06334634e-01,9.23457891e-02,7.95329958e-02,9.51391160e-02,5.25412299e-02,4.90122102e-02,4.42388542e-02,7.00818822e-02,2.08312999e-02,5.86634912e-02,3.35310660e-02,8.20052251e-02,9.87446308e-02,5.19606359e-02,-1.23869032e-02,4.09366414e-02,2.07983982e-02,2.59044487e-02,2.03939918e-02,5.24861403e-02,1.07859094e-02,4.54734601e-02,-3.46769602e-03,7.72477835e-02,7.44768232e-02,4.88953106e-02,2.58510616e-02,7.85186291e-02,6.35013357e-02,4.45293784e-02,6.63002804e-02,7.73192421e-02,7.86539689e-02,7.28862733e-02,5.96075803e-02,7.52261728e-02,7.24816322e-02,8.92841890e-02,9.30744112e-02,1.11350343e-01,8.26306269e-02,8.34970251e-02,8.74032974e-02,5.14096245e-02,2.52529774e-02,3.62480432e-02,6.12266809e-02,5.81714511e-02,4.96508442e-02,7.85536766e-02,6.58857599e-02,4.31109928e-02,4.20880243e-02,-1.14007154e-02,5.91143295e-02,6.68029934e-02,5.91050647e-03,2.47406047e-02,5.52586056e-02,1.03763314e-02,3.82006951e-02,4.39629592e-02,4.70297374e-02,5.08904904e-02,6.23055138e-02,6.17835447e-02,4.05327752e-02,1.84079129e-02,4.50713076e-02,7.25633577e-02,1.18870609e-01,5.96907325e-02,4.36335728e-02,1.30871952e-01,8.69757161e-02,7.16669112e-02,6.47450686e-02,5.01763783e-02,4.85181659e-02
7.05402046e-02,1.42107546e-01,6.20721430e-02,8.79938453e-02,1.07110478e-01,8.81514326e-02,5.84345981e-02,4.96303067e-02,4.57462259e-02,9.84323248e-02,5.59413806e-02,5.78192547e-02,1.12028187e-02,5.60906455e-02,4.24361899e-02,4.82746474e-02,1.93916671e-02,2.36191917e-02,2.61435397e-02,1.74760018e-02,7.46954978e-02,4.23684455e-02,2.37839129e-02,3.52071300e-02,4.66045476e-02,-4.44254512e-03,5.51727228e-02,3.07119191e-02,3.03940680e-02,5.92061039e-03,4.97398302e-02,2.84920018e-02,1.14900492e-01,8.22858885e-02,7.41001144e-02,6.49035200e-02,3.63292806e-02,8.89002234e-02,7.85036534e-02,1.04079351e-01,7.03769922e-02,1.04134113e-01,6.23346008e-02,8.29864219e-02,1.11587882e-01,9.26411599e-02,5.36107831e-02,6.21040836e-02,6.85772225e-02,1.07555259e-02,4.33417745e-02,8.14113542e-02,4.86248322e-02,1.06541514e-02,4.52707298e-02,3.86048630e-02,3.54659334e-02,2.39790753e-02,2.20574029e-02,6.03488013e-02,2.15489026e-02,5.11758365e-02,3.52133922e-02,2.57901046e-02,8.29242915e-02,5.21915555e-02,5.65628447e-02,8.32684040e-02,9.98046398e-02,7.84605928e-03,7.15938509e-02,7.82771260e-02,1.05489142e-01,6.63430393e-02,2.46496908e-02,7.69785717e-02,5.67969233e-02,5.09058945e-02,6.29347563e-02,9.50731486e-02,5.37937097e-02
5.70866913e-02,8.82133618e-02,8.07267576e-02,1.20287232e-01,7.31722116e-02,8.25379193e-02,9.83335748e-02,1.09025851e-01,1.66819151e-02,2.20956989e-02,8.49586055e-02,8.65043625e-02,1.86494663e-02,5.67063950e-02,4.68950272e-02,1.15920072e-02,2.34691873e-02,-1.96046615e-03,5.93901016e-02,2.13367119e-02,4.47199866e-02,5.67707978e-02,7.51238018e-02,6.28306158e-03,6.68546110e-02,-3.84920486e-03,6.30856156e-02,4.39967290e-02,2.93532852e-02,3.54585052e-02,4.57756594e-02,7.79129118e-02,8.41912851e-02,6.30464479e-02,3.78345847e-02,5.38517721e-02,6.27540126e-02,5.22947088e-02,5.94033301e-02,9.05894786e-02,9.38792825e-02,9.28583965e-02,5.03619537e-02,9.96990651e-02,3.36496234e-02,4.81525436e-02,5.66089340e-02,5.52426167e-02,6.38830438e-02,7.95028359e-02,6.39460459e-02,3.76223624e-02,1.36399418e-02,6.80784136e-02,2.37168465e-02,9.47266817e-02,-4.77085588e-03,2.08421797e-02,5.05823307e-02,6.06796192e-03,8.19906816e-02,7.79026672e-02,3.80215831e-02,5.00466712e-02,1.79258808e-02,3.15410495e-02,1.87018532e-02,6.27588853e-02,1.85052846e-02,4.61823083e-02,4.32038344e-02,5.07091507e-02,7.66093284e-02,2.69628279e-02,7.98108131e-02,4.73132133e-02,7.68851712e-02,9.44513232e-02,3.73491682e-02,7.93465078e-02,8.44541416e-02
8.12832937e-02,6.17278703e-02,1.02599278e-01,6.34957254e-02,1.04567029e-01,9.76477116e-02,1.05964363e-01,5.65171428e-02,8.57058689e-02,1.13716377e-02,5.91146983e-02,5.10889925e-02,9.83743891e-02,3.48529853e-02,1.00219853e-01,3.34362835e-02,1.04955882e-02,-2.95231817e-03,4.71970923e-02,6.23270608e-02,5.01365699e-02,3.70895192e-02,4.45962213e-02,3.68047655e-02,1.24290222e-02,9.47387740e-02,6.60867020e-02,4.00121249e-02,9.64007825e-02,8.41772109e-02,8.79633874e-02,6.10520281e-02,7.84854889e-02,7.18748048e-02,6.76596984e-02,5.71853966e-02,6.41952232e-02,8.60763788e-02,6.95874318e-02,9.88926589e-02,7.74634108e-02,1.21985793e-01,4.75557260e-02,7.11707249e-02,8.98228586e-02,3.62943746e-02,7.12590292e-02,8.43025520e-02,6.48173243e-02,4.71551828e-02,4.94232401e-02,6.31206185e-02,3.68233882e-02,3.73383798e-02,3.39736119e-02,4.69425470e-02,4.57678586e-02,5.29644527e-02,7.95779843e-03,4.12174836e-02,7.66968215e-03,2.56689042e-02,1.04355216e-02,-5.34539693e-04,5.79715371e-02,6.58167973e-02,6.42984957e-02,6.25155345e-02,5.73405176e-02,3.51126827e-02,8.50449800e-02,4.98187467e-02,8.54832530e-02,6.16038218e-02,3.41299437e-02,6.23323061e-02,6.46280646e-02,6.60633668e-02,6.91303983e-02,6.62019253e-02,7.81686157e-02
7.47125670e-02,8.18987787e-02,6.33278936e-02,6.71240315e-02,5.23639582e-02,5.80150001e-02,5.54921478e-02,4.20487672e-02,6.01737201e-02,3.27693000e-02,4.61385101e-02,7.62334093e-02,6.73977658e-02,1.87059324e-02,4.29570824e-02,4.21546400e-02,1.64677873e-02,1.41654368e-02,3.10048889e-02,6.95201159e-02,2.57798489e-02,3.80114466e-02,2.12313198e-02,2.10499968e-02,8.10096860e-02,5.60450405e-02,6.38325214e-02,1.60535686e-02,6.69320375e-02,4.05399650e-02,4.89491969e-02,7.76573494e-02,5.35137728e-02,7.59291872e-02,1.15491124e-02,9.11349729e-02,6.84512854e-02,8.66028368e-02,7.47253075e-02,4.39482406e-02,1.02152012e-01,9.26449373e-02,6.95783272e-02,1.19957238e-01,7.84509555e-02,6.08537085e-02,6.45546988e-02,5.59943542e-02,5.00351712e-02,6.49472401e-02,2.96096299e-02,1.05638400e-01,2.85399612e-02,7.24192485e-02,2.61388533e-02,3.53332497e-02,3.73066030e-02,2.59150080e-02,8.28882754e-02,4.49538715e-02,6.05266653e-02,3.12913023e-02,3.29416841e-02,-8.94954894e-03,7.77654443e-03,5.67250839e-03,2.98325680e-02,2.56882478e-02,6.46506771e-02,3.59421298e-02,4.27799076e-02,7.70921707e-02,8.85836929e-02,9.87203494e-02,1.21000543e-01,6.50318712e-02,6.69402108e-02,8.61458108e-02,8.11707303e-02,2.35225130e-02,3.92985307e-02
5.10502197e-02,6.32257611e-02,8.94705355e-02,5.80673106e-02,1.23764090e-01,6.27725348e-02,1.09013833e-01,6.60496205e-02,5.00779599e-02,7.16854930e-02,1.11983940e-01,7.17600957e-02,4.44725491e-02,4.21297103e-02,5.11863567e-02,2.12318096e-02,3.45175434e-03,4.89118882e-02,2.09931098e-02,1.17263282e-02,3.39624584e-02,6.73577115e-02,5.91935143e-02,3.98666188e-02,4.69918847e-02,3.13344486e-02,9.01621729e-02,3.74566391e-02,8.24485496e-02,2.15527378e-02,3.67949344e-02,4.04066220e-02,6.46219328e-02,5.59557304e-02,8.43917802e-02,5.49102835e-02,1.12592362e-01,4.15463150e-02,1.00100182e-01,9.40482244e-02,7.15105459e-02,8.38997066e-02,4.34397943e-02,7.45858476e-02,3.38899046e-02,7.42304027e-02,4.81251888e-02,9.16193575e-02,6.22867309e-02,6.70577958e-02,5.37347682e-02,3.18299197e-02,4.08953540e-02,-7.16799172e-03,4.22759466e-02,5.55706732e-02,4.22818623e-02,2.33139824e-02,2.97929514e-02,1.98305417e-02,5.33002429e-03,5.79168797e-02,5.31212986e-02,4.06675488e-02,3.50944176e-02,6.64182082e-02,2.78942119e-02,3.10396869e-02,-1.87329855e-03,1.16315059e-01,7.60603547e-02,2.52015330e-02,5.16967364e-02,6.83853626e-02,7.16009364e-02,4.41914164e-02,8.05949420e-02,4.53206748e-02,7.65696391e-02,7.90122077e-02,9.25400034e-02
6.43730238e-02,3.99594158e-02,7.54041150e-02,6.02664426e-02,1.02722213e-01,9.47739854e-02,1.16359547e-01,3.20130475e-02,7.57390559e-02,3.57678905e-02,1.03061691e-01,6.74392208e-02,3.75562236e-02,7.00507760e-02,9.53381322e-03,-7.68982107e-04,6.51714727e-02,7.45818689e-02,-2.98478343e-02,2.47339122e-02,2.87378523e-02,3.77698727e-02,1.88485142e-02,6.52884319e-03,2.57585943e-02,7.63507336e-02,4.65173945e-02,5.50031103e-02,4.75812592e-02,7.27611184e-02,9.11875963e-02,5.35076559e-02,4.30475101e-02,9.48253945e-02,6.45597726e-02,5.69795743e-02,6.59558773e-02,4.51631993e-02,5.53216711e-02,9.43594500e-02,1.01429187e-01,9.89781842e-02,9.21008661e-02,6.56076744e-02,1.20638698e-01,6.82963133e-02,8.94862711e-02,8.26987401e-02,7.63168335e-02,6.77059367e-02,6.03938922e-02,6.46483153e-02,8.88323411e-02,2.52628997e-02,5.62424660e-02,6.03732988e-02,2.31400114e-02,6.32278696e-02,1.03145726e-02,2.03678310e-02,-2.96494886e-02,8.13909620e-02,7.51021057e-02,4.22470383e-02,5.61000817e-02,3.66488136e-02,-3.55807453e-04,3.80648784e-02,3.06473859e-02,7.36768022e-02,5.45587130e-02,6.26389533e-02,9.14182961e-02,1.21934982e-02,5.95272779e-02,5.49162105e-02,6.20117672e-02,6.76009208e-02,2.00263131e-02,7.46193081e-02,9.40964743e-02
4.14031856e-02,9.32014659e-02,4.22186852e-02,9.65321809e-02,2.93931235e-02,8.73800814e-02,3.53000052e-02,1.47484830e-02,5.36342189e-02,5.17557859e-02,6.45405874e-02,5.43940030e-02,2.94288956e-02,6.29041716e-02,5.91182448e-02,2.12031789e-03,5.75028434e-02,1.86252613e-02,3.79343592e-02,5.09755723e-02,6.61499053e-02,6.31409734e-02,3.70314298e-03,4.51645963e-02,6.50770888e-02,5.27670458e-02,4.14492451e-02,7.19691813e-02,6.15636408e-02,4.19277065e-02,5.95770217e-02,8.63992348e-02,9.77345183e-02,3.34149152e-02,7.44815022e-02,9.25377756e-02,8.94295424e-02,4.24394310e-02,7.68563747e-02,1.00709185e-01,7.31523931e-02,7.48772472e-02,7.78607205e-02,1.29582018e-01,1.03418514e-01,4.51722182e-02,6.42450601e-02,1.15100123e-01,4.16276120e-02,6.00861832e-02,8.28972980e-02,6.46309927e-02,5.92976846e-02,8.43414217e-02,5.46690300e-02,2.97161527e-02,4.29027826e-02,3.43846790e-02,2.22492926e-02,5.31209446e-02,3.16075459e-02,6.41621947e-02,3.53389010e-02,2.83202436e-02,5.01847267e-03,7.69308284e-02,4.93402220e-02,7.85149485e-02,4.07024175e-02,7.60612637e-02,9.09116492e-02,7.82422945e-02,4.72932346e-02,8.39855000e-02,6.55041710e-02,8.25203732e-02,5.59267215e-02,9.41412374e-02,6.52807504e-02,4.89544198e-02,6.70080557e-02
8.01340342e-02,6.79321736e-02,8.81195441e-02,1.02493107e-01,1.05190270e-01,7.74767995e-02,7.14868382e-02,6.77766725e-02,9.12508667e-02,7.53548294e-02,7.05906302e-02,6.88424408e-02,-1.36763649e-03,-1.37014678e-02,2.68348306e-02,8.60069171e-02,2.36396026e-02,5.41750230e-02,6.28999099e-02,4.81947176e-02,3.71221080e-02,7.07745552e-02,2.59492751e-02,1.28600486e-02,1.93166323e-02,8.17342103e-02,4.76858355e-02,6.34604925e-03,9.17911828e-02,6.65476844e-02,4.02106866e-02,3.29881310e-02,7.44255334e-02,7.46284723e-02,5.87081239e-02,9.17148218e-02,2.62222085e-02,1.20564364e-01,9.16664079e-02,4.61741090e-02,3.86519842e-02,9.50801447e-02,7.04748705e-02,4.20854352e-02,1.03358008e-01,8.90538916e-02,1.05590187e-01,1.41390786e-01,4.96040471e-02,6.64413497e-02,4.64577675e-02,5.23249544e-02,5.16745821e-02,2.99587566e-02,-9.75388754e-03,6.51634485e-02,5.89336902e-02,6.47170395e-02,2.80690547e-02,6.06770590e-02,-1.42739285e-02,1.52614899e-02,5.45661636e-02,2.89653521e-02,4.54302244e-02,6.61093071e-02,7.46630281e-02,7.34224245e-02,1.99692734e-02,6.02963716e-02,5.68402894e-02,8.33933726e-02,1.20496728e-01,7.95760676e-02,6.74309433e-02,1.96643453e-02,1.11313373e-01,1.22417279e-01,1.11207359e-01,5.80634773e-02,1.27842233e-01
1.46613136e-01,6.91996664e-02,8.68892223e-02,7.85974562e-02,2.59439461e-02,1.15964562e-01,7.96067119e-02,8.85133296e-02,4.54660542e-02,4.60642576e-02,6.86281174e-02,5.45325242e-02,7.29882019e-03,2.86510661e-02,2.37445924e-02,4.99246828e-02,1.99412107e-02,3.95606905e-02,4.40555140e-02,1.89243816e-02,3.42654660e-02,1.81748737e-02,4.14595343e-02,8.43374133e-02,3.81390750e-02,6.15760237e-02,4.42236997e-02,9.23318497e-04,4.30705622e-02,6.68310970e-02,7.93862790e-02,9.05006602e-02,5.53360917e-02,7.91108683e-02,7.71733597e-02,7.17352331e-02,7.20638037e-02,7.17207640e-02,7.47840703e-02,8.48288685e-02,8.18762481e-02,5.54903448e-02,4.86453809e-02,4.06401530e-02,1.03103735e-01,7.83736408e-02,4.87529710e-02,6.00084029e-02,6.14001267e-02,9.62938964e-02,3.59308533e-02,4.65195738e-02,6.25987351e-02,2.34411191e-02,7.72547945e-02,8.46583024e-02,6.25043735e-02,4.74143177e-02,2.09059957e-02,4.85835001e-02,-6.20182930e-03,2.97635105e-02,7.13633224e-02,8.38516355e-02,7.11172521e-02,7.27317557e-02,2.08368264e-02,1.10656068e-01,4.61697802e-02,6.26477376e-02,4.23013493e-02,8.33765119e-02,8.18572193e-02,4.71708737e-02,7.96780214e-02,7.29935765e-02,1.11008182e-01,4.80294749e-02,7.94677734e-02,1.23308554e-01,7.42388740e-02
7.88908899e-02,9.14340019e-02,8.06782693e-02,8.18420723e-02,7.18451068e-02,8.80594328e-02,7.89378062e-02,9.37811211e-02,6.70923367e-02,1.23208679e-01,6.09822273e-02,7.77525455e-02,8.80815387e-02,3.95841263e-02,5.19090146e-02,6.42600879e-02,4.99025453e-03,3.23658288e-02,2.24799290e-02,7.99551755e-02,1.19222105e-01,2.74083875e-02,-3.80575052e-03,6.72767162e-02,2.53529772e-02,3.08078602e-02,4.92099337e-02,7.17965737e-02,3.64790261e-02,4.70007919e-02,8.98741856e-02,1.06817903e-02,6.49109259e-02,4.04898524e-02,3.49916965e-02,9.27882344e-02,1.05311476e-01,9.25395340e-02,5.05287796e-02,6.92546070e-02,9.02755484e-02,1.20633416e-01,4.45429757e-02,8.25758651e-02,4.91069257e-02,1.04023136e-01,7.67244846e-02,8.36107656e-02,4.88255247e-02,7.14790821e-02,5.68798594e-02,6.51555657e-02,5.96524440e-02,6.34945482e-02,6.74366504e-02,4.06949483e-02,6.58106357e-02,4.79699261e-02,5.84580377e-02,9.91578866e-03,4.62606251e-02,3.05992346e-02,3.58458608e-02,6.96093068e-02,3.59425656e-02,5.30076362e-02,7.35390559e-02,4.28939126e-02,7.47645199e-02,5.45732304e-02,8.08223635e-02,7.20053837e-02,5.46805225e-02,6.10281974e-02,1.10626087e-01,8.97734165e-02,8.69443715e-02,5.18581197e-02,7.46944994e-02,8.99097174e-02,9.68771279e-02
1.29824862e-01,8.67834389e-02,1.06428497e-01,9.21397582e-02,4.63007763e-02,8.63066688e-02,9.26550329e-02,1.34425387e-01,8.14798325e-02,6.12822436e-02,5.66508062e-02,5.96041903e-02,3.40226479e-02,7.13817328e-02,8.74389485e-02,1.25100121e-01,2.68034451e-02,6.70855567e-02,6.58005401e-02,2.85963640e-02,6.57945275e-02,1.99479852e-02,6.08185828e-02,3.53022292e-02,3.62456143e-02,3.85074131e-02,9.81317833e-02,4.42889333e-02,-5.49343834e-03,5.50137199e-02,2.88512688e-02,6.02339543e-02,8.98578689e-02,6.82381690e-02,8.19822103e-02,1.00453645e-01,9.60357711e-02,1.24639288e-01,1.10494561e-01,1.23583578e-01,1.24492265e-01,1.10516667e-01,4.12299447e-02,9.17067006e-02,1.01399742e-01,4.99827340e-02,7.74365887e-02,9.68588218e-02,6.76607043e-02,8.84871408e-02,6.05908148e-02,5.40752411e-02,7.41861835e-02,8.65567327e-02,7.09638745e-02,4.74302433e-02,3.77031527e-02,2.41820700e-02,8.98100156e-03,-2.29226798e-03,3.87117080e-02,1.97209232e-02,6.96872547e-02,7.10449293e-02,4.88473624e-02,1.47121456e-02,1.66608505e-02,6.66925684e-02,1.90458316e-02,5.84983267e-02,1.08994775e-01,7.71993026e-02,8.50744843e-02,8.08223933e-02,8.40190127e-02,8.55067521e-02,3.32665816e-02,6.94450364e-02,6.01436049e-02,9.06276330e-02,7.31962919e-02
6.36336133e-02,6.48591593e-02,1.49853244e-01,9.22308788e-02,1.06204800e-01,7.56402910e-02,1.01765722e-01,7.43473247e-02,1.06888071e-01,1.16274446e-01,7.12926239e-02,4.81520630e-02,3.70700806e-02,4.06123400e-02,4.10819054e-02,5.18813208e-02,3.48781049e-02,1.98396016e-02,7.61832809e-03,7.80863389e-02,4.15530540e-02,8.56397226e-02,-1.44109381e-02,4.47842712e-03,3.95452343e-02,4.33972664e-03,5.36572970e-02,4.36139889e-02,8.50213468e-02,5.93354553e-02,6.57218322e-02,8.79518464e-02,1.05669700e-01,8.34884793e-02,1.19981982e-01,3.04575227e-02,7.16881528e-02,4.08139862e-02,1.02074310e-01,1.13468073e-01,9.73721221e-02,5.89292049e-02,7.63775334e-02,7.62761757e-02,8.80309790e-02,1.02490321e-01,7.23783597e-02,5.30362874e-02,9.23456624e-02,8.43193978e-02,5.74459285e-02,6.13642372e-02,6.17973879e-02,2.78484989e-02,7.06711188e-02,6.43038377e-02,1.96813233e-02,-2.34401096e-02,2.60656588e-02,6.72761574e-02,4.31101061e-02,4.33825888e-02,4.96162586e-02,4.09981161e-02,3.94518524e-02,5.90412021e-02,6.85632899e-02,8.67174864e-02,5.02181053e-02,2.89426260e-02,6.48636445e-02,9.51957777e-02,5.90875484e-02,8.55104327e-02,7.04555511e-02,1.34879321e-01,1.68299656e-02,1.04187444e-01,6.79725111e-02,6.83903545e-02,8.25958103e-02
1.02399155e-01,8.73594657e-02,8.78765956e-02,1.02491088e-01,8.57321694e-02,9.14019421e-02,4.11354676e-02,4.93677966e-02,1.36287495e-01,7.43608698e-02,5.02547771e-02,7.99441710e-02,5.30626774e-02,6.83420748e-02,7.87887052e-02,6.06317967e-02,8.21590647e-02,4.01691571e-02,8.48168582e-02,3.16421129e-02,5.68818823e-02,5.19574769e-02,7.99937993e-02,7.20758662e-02,9.21788663e-02,4.67029586e-02,7.68928081e-02,6.76114559e-02,7.00999945e-02,4.72454354e-02,5.02105728e-02,1.02020107e-01,7.92788118e-02,7.30205029e-02,1.02873072e-01,8.07925463e-02,1.08951153e-02,1.04814790e-01,6.92089498e-02,7.83053637e-02,1.00058630e-01,7.80486390e-02,4.77018692e-02,8.37655365e-02,1.06693082e-01,5.28721325e-02,1.02671959e-01,7.01177344e-02,6.63892105e-02,8.32526758e-02,8.63599479e-02,7.55328238e-02,3.53095084e-02,3.90894338e-02,4.44181748e-02,5.46376966e-02,3.25661749e-02,4.86253016e-02,1.88902840e-02,1.02614351e-02,8.38978291e-02,2.18105242e-02,1.73138771e-02,3.87329012e-02,8.85789171e-02,5.42514138e-02,2.57589649e-02,9.83753875e-02,2.98046619e-02,4.42172326e-02,4.96785268e-02,5.29395603e-02,8.25861394e-02,7.22973570e-02,8.36782604e-02,1.03845008e-01,9.78234261e-02,8.54422674e-02,1.02238581e-01,1.02991797e-01,6.48272485e-02
6.65340871e-02,8.23063478e-02,6.36638477e-02,9.44672823e-02,8.15711915e-02,7.34195709e-02,1.00204699e-01,4.96869534e-02,5.31610027e-02,8.48281011e-02,1.11945257e-01,7.25195706e-02,6.56300932e-02,3.40625457e-02,6.21496253e-02,8.43136907e-02,7.84654766e-02,7.87924156e-02,6.71623722e-02,8.13364014e-02,2.19791904e-02,8.42840672e-02,6.05587177e-02,5.12561612e-02,4.55338880e-02,4.48234156e-02,3.96377631e-02,8.13650787e-02,6.09947182e-02,6.35398030e-02,5.20076193e-02,8.96392539e-02,5.13984710e-02,9.50968489e-02,1.27746761e-01,7.74033219e-02,9.04403031e-02,9.82476920e-02,1.18625157e-01,9.97347385e-02,7.01249987e-02,1.05013117e-01,8.00737739e-02,1.35168731e-01,6.99101835e-02,1.08539976e-01,7.11705983e-02,1.12861358e-01,6.22408763e-02,1.03154831e-01,1.25480130e-01,1.04047462e-01,8.22427422e-02,7.84831420e-02,7.24971741e-02,7.59167746e-02,2.37055048e-02,9.08204839e-02,5.25337905e-02,3.57764587e-02,1.06704637e-01,5.72217964e-02,4.97751981e-02,5.00192121e-02,2.53005605e-02,1.14162778e-02,9.58121568e-02,6.38482869e-02,5.44649586e-02,6.75868019e-02,4.85965721e-02,7.23133162e-02,7.03611970e-02,9.47430506e-02,9.57277119e-02,1.21595956e-01,4.34112437e-02,7.09607825e-02,1.01488441e-01,6.62897155e-02,8.44283402e-02
9.88040939e-02,7.90197179e-02,1.11274585e-01,6.79786727e-02,8.07819813e-02,1.09934628e-01,1.07344382e-01,1.06761456e-01,8.81990120e-02,6.30005524e-02,4.56719212e-02,1.28654435e-01,3.42733413e-02,7.17538968e-02,1.10722911e-02,9.43794101e-02,7.45361149e-02,1.37809915e-02,3.15494984e-02,9.12235454e-02,5.66909686e-02,9.63649899e-02,1.89739577e-02,9.33540389e-02,6.28800094e-02,6.59634247e-02,4.11790833e-02,9.57311913e-02,1.09429859e-01,2.95753330e-02,6.18624547e-03,5.58950081e-02,6.67214245e-02,7.49882981e-02,3.26414928e-02,9.37114879e-02,1.02191329e-01,1.03513785e-01,9.11406279e-02,1.00306310e-01,7.95275345e-02,6.73009902e-02,1.04762554e-01,6.61058426e-02,1.54695781e-02,9.49392766e-02,1.19132273e-01,1.11999974e-01,1.19558491e-01,7.46873468e-02,9.64128450e-02,5.61879538e-02,7.05274865e-02,6.96959496e-02,1.00774981e-01,5.66672832e-02,3.94604839e-02,9.35468078e-02,1.28454762e-02,6.53022602e-02,4.49848101e-02,5.09663522e-02,5.01062609e-02,5.97896464e-02,4.09834683e-02,1.34237111e-02,3.29207778e-02,3.51391360e-02,8.27275291e-02,6.09541908e-02,3.55716608e-02,6.09255508e-02,4.67418842e-02,1.04907453e-01,7.69133493e-02,8.99555236e-02,1.16702572e-01,5.83305880e-02,5.46567701e-02,5.69147207e-02,1.02993384e-01
6.30807877e-02,8.12887400e-02,9.74490866e-02,8.67593437e-02,8.93658772e-02,1.45513296e-01,7.99382925e-02,1.59103259e-01,4.77213711e-02,7.20177740e-02,1.18144587e-01,9.56936702e-02,8.32039863e-02,7.73363635e-02,9.36827585e-02,6.09779395e-02,6.93496019e-02,4.83062975e-02,6.11449517e-02,7.27607831e-02,4.11060080e-02,5.26903197e-02,6.85296059e-02,4.66639996e-02,4.65419069e-02,7.92808011e-02,7.41349459e-02,8.90856609e-02,9.96974111e-02,9.09585953e-02,1.04844041e-01,8.52364674e-02,5.42347394e-02,8.50781202e-02,6.79707080e-02,6.87584504e-02,1.22347459e-01,3.49963121e-02,1.27748683e-01,7.87720382e-02,1.04943939e-01,8.63690749e-02,6.55593947e-02,7.83549920e-02,7.30991662e-02,1.34675667e-01,6.43281639e-02,7.83928782e-02,2.99762506e-02,7.69614428e-02,8.68405402e-02,3.25792991e-02,1.14144787e-01,8.53491668e-03,6.49787933e-02,3.84961367e-02,7.93569759e-02,1.64048765e-02,1.08421959e-01,3.44343781e-02,2.24840976e-02,6.13764934e-02,5.59461936e-02,7.86093026e-02,5.01006432e-02,1.03311449e-01,1.70577615e-02,1.07856534e-01,1.01558648e-01,6.57198057e-02,7.32540488e-02,6.70880303e-02,1.34008944e-01,5.43840416e-02,1.10745192e-01,1.01249687e-01,8.38652402e-02,7.95050263e-02,5.97188659e-02,7.56794587e-02,9.69657823e-02
5.42125665e-02,1.22567661e-01,8.45150724e-02,8.41439813e-02,7.46219605e-02,1.11411937e-01,7.78151453e-02,8.34575817e-02,7.22094476e-02,5.31249344e-02,1.25064731e-01,8.31534341e-02,5.64975515e-02,6.65478259e-02,7.99673349e-02,8.75627473e-02,3.39445733e-02,4.37823795e-02,8.98789391e-02,1.07968852e-01,4.28891145e-02,6.79362193e-02,4.46348898e-02,8.41835588e-02,5.33600301e-02,9.82583314e-02,4.27312329e-02,9.37995017e-02,1.02672629e-01,7.48983473e-02,7.63236433e-02,5.44630401e-02,1.27651021e-01,8.40212777e-02,8.84091258e-02,5.04988469e-02,7.62100518e-02,7.98032656e-02,7.13058114e-02,6.59318492e-02,8.57706293e-02,1.01065569e-01,1.10574141e-01,2.55447868e-02,6.90556243e-02,1.20154850e-01,8.26649442e-02,9.89823937e-02,8.56588781e-02,1.33512959e-01,7.41029605e-02,4.57872190e-02,9.80801284e-02,7.04528168e-02,5.83220646e-02,4.88795415e-02,2.36285608e-02,6.66669309e-02,3.24186310e-02,7.83449486e-02,-5.42270998e-03,1.04442619e-01,6.99363425e-02,5.37258163e-02,4.35870215e-02,1.11080162e-01,8.99704546e-02,5.73764220e-02,1.87186413e-02,4.31880988e-02,8.40744749e-02,1.02521747e-01,4.86319549e-02,8.77086073e-02,1.14216626e-01,8.37556943e-02,9.42647383e-02,1.12666883e-01,8.54528844e-02,1.15750358e-01,1.16002098e-01
1.09356798e-01,1.18676320e-01,1.40111893e-01,1.05643205e-01,1.11749940e-01,1.10454582e-01,5.03800027e-02,9.30551812e-02,6.58090711e-02,1.25864625e-01,7.90099725e-02,1.10080980e-01,1.16544880e-01,7.02062920e-02,8.16568434e-02,5.84625639e-02,1.01044714e-01,8.08100700e-02,8.85069296e-02,1.03086479e-01,7.54874498e-02,4.80297692e-02,5.44934943e-02,9.49632302e-02,7.36394897e-02,7.10763857e-02,8.66202712e-02,1.16920888e-01,7.58576021e-02,1.27991930e-01,4.49546613e-02,7.15912431e-02,1.03456266e-01,1.42690673e-01,1.01377264e-01,9.94382277e-02,1.10304266e-01,6.77191466e-02,1.50789857e-01,1.10933520e-01,6.51620999e-02,1.34440690e-01,1.02786280e-01,1.13710552e-01,1.07876241e-01,8.63086507e-02,7.88648427e-02,9.88687947e-02,2.31297296e-02,7.41541609e-02,4.00774591e-02,6.72770143e-02,8.46818015e-02,9.50847715e-02,7.18608275e-02,6.52384982e-02,5.55709898e-02,4.77926731e-02,7.04244599e-02,9.48386341e-02,5.94568215e-02,4.53533866e-02,6.50897250e-02,6.24897107e-02,3.84811088e-02,3.94422784e-02,6.54367134e-02,9.87477228e-02,5.97027205e-02,1.03852704e-01,8.28045607e-02,1.06923960e-01,5.75471744e-02,5.11635765e-02,9.10405517e-02,1.40583500e-01,1.04636446e-01,1.14380598e-01,1.12135567e-01,1.32548526e-01,9.83929113e-02
1.07862145e-01,6.56442717e-02,8.37976187e-02,1.28020734e-01,1.31581947e-01,1.11654736e-01,9.02854949e-02,1.28865331e-01,7.79797956e-02,1.24642625e-01,1.13284044e-01,5.75890243e-02,8.71135071e-02,1.17893904e-01,5.42107299e-02,4.47323769e-02,1.18535914e-01,1.60028413e-02,8.76945034e-02,7.92308897e-02,9.63370427e-02,3.54771391e-02,9.12212506e-02,5.06131649e-02,7.73553848e-02,5.77911586e-02,5.24762757e-02,7.89034963e-02,3.84434052e-02,8.48625228e-02,4.51148078e-02,7.37157241e-02,6.74875304e-02,1.35786861e-01,9.45164412e-02,8.66445526e-02,8.74666646e-02,1.35945305e-01,9.65731665e-02,9.60104465e-02,1.09782875e-01,1.33251965e-01,1.11442059e-01,1.03288613e-01,7.09451288e-02,1.27592742e-01,6.58132508e-02,1.41954690e-01,1.10663027e-01,6.73646778e-02,8.08554739e-02,6.44806325e-02,6.57301843e-02,8.25036913e-02,6.72307760e-02,-1.05321519e-02,5.64247034e-02,6.21206425e-02,1.02776080e-01,9.36683640e-02,8.39701220e-02,3.29517461e-02,7.89458603e-02,5.92594370e-02,7.56234080e-02,8.00623894e-02,7.18902498e-02,1.14362612e-01,6.49376661e-02,8.01693052e-02,7.73396492e-02,6.22923337e-02,1.22560032e-01,5.94652891e-02,1.41687602e-01,1.19473368e-01,1.16574347e-01,1.04339845e-01,8.60174745e-02,1.32809848e-01,1.00218229e-01
1.14043914e-01,9.59505588e-02,7.31890202e-02,1.05377153e-01,5.66284359e-02,1.02855146e-01,7.31725991e-02,9.44764614e-02,1.06201120e-01,1.02103479e-01,1.25792384e-01,1.00194357e-01,8.52594748e-02,1.22672275e-01,1.21757127e-01,7.97597989e-02,9.26322043e-02,5.66817373e-02,6.36704117e-02,8.09325725e-02,6.57493472e-02,8.00488293e-02,3.23229171e-02,1.04026861e-01,6.12449646e-02,1.29138365e-01,1.00704238e-01,1.08981565e-01,8.26910436e-02,9.43233520e-02,8.46396685e-02,9.86827686e-02,7.60324821e-02,8.02731812e-02,9.83561203e-02,1.40947536e-01,8.44702721e-02,8.19100887e-02,1.16055109e-01,1.50077283e-01,1.12772547e-01,7.68868774e-02,8.71015117e-02,1.13056056e-01,9.72086191e-02,6.40538335e-02,1.25063881e-01,6.23015426e-02,1.23868547e-01,4.33465801e-02,7.63204843e-02,9.40127298e-02,1.14642531e-01,1.10903732e-01,7.59071857e-02,1.28647864e-01,6.76073283e-02,6.72504976e-02,5.52665927e-02,1.02534845e-01,8.73214081e-02,5.93305044e-02,4.51722294e-02,6.14152215e-02,6.79270178e-02,6.73332289e-02,7.99097642e-02,6.94017038e-02,1.18499607e-01,1.51803792e-01,8.77168551e-02,8.37627277e-02,1.34621441e-01,6.39554188e-02,1.11877009e-01,1.00596212e-01,5.27444296e-02,8.09874907e-02,8.04427490e-02,1.72148585e-01,6.64120689e-02
1.30568936e-01,1.24504775e-01,1.61698222e-01,8.79414231e-02,7.13201687e-02,8.90216157e-02,1.24566928e-01,1.26078993e-01,8.22783858e-02,4.42610197e-02,8.63167644e-02,5.60030043e-02,8.76891166e-02,1.26180589e-01,9.78369787e-02,7.31392205e-02,5.89938909e-02,5.63728511e-02,8.84342268e-02,9.71389189e-02,6.59257323e-02,5.76110557e-02,5.63186519e-02,9.21096876e-02,1.31195888e-01,8.61694813e-02,7.79676214e-02,9.94350985e-02,8.40412453e-02,3.21043171e-02,1.27281383e-01,1.17473908e-01,1.05647132e-01,8.71644691e-02,1.18928596e-01,1.04856946e-01,8.08767527e-02,1.27464265e-01,8.42559561e-02,1.11244753e-01,7.92799294e-02,1.08579718e-01,1.29879460e-01,1.43991262e-01,9.25888345e-02,8.70422423e-02,1.33124277e-01,1.02489695e-01,7.93519989e-02,1.10053979e-01,9.55614597e-02,7.47364759e-02,1.24593884e-01,7.79455006e-02,7.70024285e-02,6.03066683e-02,2.66645327e-02,5.73637933e-02,5.59624620e-02,1.30727971e-02,6.04927912e-02,1.10511921e-01,9.03054923e-02,8.12050998e-02,1.04807757e-01,4.58738990e-02,7.07763210e-02,1.23189576e-01,1.50481597e-01,1.04785219e-01,8.55287164e-02,1.30309761e-01,8.15593600e-02,9.66845229e-02,9.11754295e-02,1.26407310e-01,7.69772828e-02,1.16235398e-01,1.43559203e-01,1.03713937e-01,1.07570909e-01
1.38585448e-01,1.31076485e-01,1.59463987e-01,6.80257380e-02,1.22172892e-01,8.42505321e-02,1.02116823e-01,5.31848930e-02,6.09495379e-02,7.73855448e-02,1.06854327e-01,7.58939162e-02,8.66163895e-02,8.32942575e-02,1.00277945e-01,8.51253122e-02,5.76690696e-02,5.65106347e-02,7.77640119e-02,6.91930056e-02,6.52308539e-02,5.25796600e-02,5.52447177e-02,1.00926861e-01,5.50860353e-02,9.36677605e-02,1.02414407e-01,2.34217532e-02,8.74447972e-02,1.60989985e-01,3.87699082e-02,9.15609002e-02,1.13539740e-01,8.89183730e-02,9.83411372e-02,9.95368958e-02,7.29688779e-02,1.38365626e-01,9.98331979e-02,8.29585195e-02,1.42508805e-01,1.24357939e-01,7.51190633e-02,1.16835900e-01,1.30273983e-01,8.57107416e-02,1.06891513e-01,1.44030929e-01,8.82562771e-02,1.07827581e-01,6.51528910e-02,7.90952891e-02,8.46934095e-02,3.03194951e-02,1.07351221e-01,7.81509131e-02,8.80524293e-02,9.62896720e-02,8.13278854e-02,6.22308366e-02,1.04555584e-01,6.55486062e-02,1.14112325e-01,9.71194729e-02,7.08623305e-02,1.11767493e-01,5.93089834e-02,4.61291745e-02,6.88007101e-02,7.83186108e-02,1.16570726e-01,1.06537402e-01,9.26518068e-02,7.53514171e-02,1.21572845e-01,1.65173396e-01,1.37670189e-01,1.22432910e-01,8.32222775e-02,1.40979156e-01,9.38082486e-02
1.09686360e-01,1.04755484e-01,1.51712850e-01,1.10036604e-01,1.20617568e-01,8.88363570e-02,7.76270553e-02,1.26627073e-01,1.17039874e-01,1.13262132e-01,3.86872403e-02,1.32239208e-01,9.17619169e-02,1.08029261e-01,7.17535540e-02,5.83924875e-02,6.14019185e-02,9.62266773e-02,7.92676210e-02,1.14089571e-01,7.37163499e-02,7.16550276e-02,5.81448674e-02,3.68432067e-02,1.06614634e-01,5.91562577e-02,8.26367214e-02,1.35161549e-01,4.53943722e-02,8.45922306e-02,7.71272704e-02,9.16553959e-02,9.49531198e-02,1.02679610e-01,9.83879417e-02,1.09926932e-01,1.40653789e-01,1.74602777e-01,1.36501625e-01,1.13722898e-01,1.14162810e-01,6.79379031e-02,1.06835879e-01,1.28338680e-01,1.06019348e-01,1.15867488e-01,1.20187730e-01,1.16988175e-01,1.34041861e-01,6.90113828e-02,1.11310855e-01,8.33673850e-02,3.76394987e-02,7.05826581e-02,5.47143668e-02,1.04751222e-01,3.22452523e-02,5.94950654e-02,1.21896401e-01,8.94173086e-02,1.20481960e-01,4.03331369e-02,7.28159472e-02,9.18846056e-02,1.00438260e-01,1.04364596e-01,1.18860617e-01,9.08924490e-02,1.25310600e-01,8.37950855e-02,5.41156717e-02,1.10346973e-01,8.99736881e-02,7.30943829e-02,9.86316875e-02,1.38035789e-01,1.20838389e-01,1.29790068e-01,9.71328840e-02,6.18474483e-02,6.59924671e-02
1.69326186e-01,8.81506056e-02,1.03030466e-01,1.28864899e-01,1.36583805e-01,1.51578993e-01,1.32104501e-01,9.90427956e-02,9.98738930e-02,9.34849605e-02,1.05316482e-01,4.85080406e-02,6.29899502e-02,7.61336908e-02,1.05935834e-01,7.68593475e-02,4.56164479e-02,9.67472270e-02,4.15266827e-02,8.50690231e-02,8.79026875e-02,1.07892565e-01,9.92161706e-02,9.00095031e-02,6.79047555e-02,8.81978050e-02,7.54241943e-02,6.89413100e-02,1.03076071e-01,6.27751499e-02,1.22617789e-01,7.33471289e-02,9.18040574e-02,1.60852149e-01,1.20630793e-01,1.09825298e-01,9.14119557e-02,1.43249661e-01,1.07325874e-01,8.97062346e-02,9.99697894e-02,1.02170877e-01,9.98713896e-02,9.91739258e-02,1.10066280e-01,1.44074768e-01,1.26825020e-01,9.03285518e-02,1.12555772e-01,5.34046851e-02,8.62228274e-02,1.07384443e-01,5.36952913e-02,1.27705365e-01,5.54658473e-02,1.10055111e-01,8.05387497e-02,1.16116904e-01,1.22575104e-01,8.51132944e-02,5.66047914e-02,5.70835732e-02,9.74268541e-02,1.12827636e-01,6.88741282e-02,8.66553485e-02,8.17414299e-02,1.14369743e-01,1.17412940e-01,5.63777611e-02,1.31390423e-01,1.22379489e-01,1.02845728e-01,9.71459597e-02,9.66907293e-02,9.96074453e-02,6.44605532e-02,1.20807558e-01,1.03266612e-01,9.10943896e-02,1.26086071e-01
1.36405319e-01,7.72155821e-02,1.16124958e-01,1.34475395e-01,8.93793181e-02,1.02524042e-01,1.65319607e-01,1.16340913e-01,1.07963912e-01,1.24950834e-01,6.87323511e-02,1.24872036e-01,1.13452829e-01,9.28850845e-02,9.29434821e-02,7.71370083e-02,9.53245983e-02,7.96289220e-02,1.06642462e-01,8.82166550e-02,6.59259483e-02,5.64487129e-02,5.58895469e-02,1.16068557e-01,8.55871066e-02,4.85845469e-02,1.04902998e-01,7.48803690e-02,7.87623972e-02,9.58079547e-02,1.17779963e-01,1.20529227e-01,2.62425747e-02,3.26765068e-02,7.46852756e-02,1.60063982e-01,8.30763727e-02,1.10297725e-01,1.27378374e-01,1.21652365e-01,1.05023570e-01,8.06454718e-02,1.39449239e-01,1.00080267e-01,1.05873711e-01,5.01533523e-02,1.34354338e-01,1.37683332e-01,9.42240506e-02,8.60477239e-02,7.66040012e-02,1.00226969e-01,1.14055336e-01,1.04339749e-01,9.62097943e-02,6.38418123e-02,9.29959118e-02,6.32671714e-02,5.54210171e-02,7.73040503e-02,1.10379174e-01,8.05728510e-02,1.03967085e-01,5.77986315e-02,5.40385395e-02,7.37908483e-02,6.28293678e-02,5.80489598e-02,6.50249645e-02,9.25625339e-02,8.31061527e-02,1.10976689e-01,1.44666657e-01,9.88374650e-02,1.40108481e-01,1.17785580e-01,1.04407355e-01,1.53425157e-01,1.58324614e-01,5.43303862e-02,8.65078121e-02
1.41643569e-01,9.46248248e-02,1.28042758e-01,1.06743678e-01,9.91399139e-02,1.30930081e-01,1.35283574e-01,1.05907403e-01,1.37658164e-01,9.35815424e-02,1.37907743e-01,6.80735558e-02,8.58838484e-02,4.59010229e-02,4.72247489e-02,8.98800790e-02,9.05625299e-02,1.13650754e-01,7.63642713e-02,8.23993832e-02,5.71287163e-02,7.58635253e-02,1.08352110e-01,6.28052577e-02,1.18740611e-01,9.17698964e-02,6.93187639e-02,1.28023714e-01,6.80264309e-02,9.66481641e-02,8.43133777e-02,6.38542026e-02,7.49214515e-02,1.11692734e-01,8.82291794e-02,1.35111853e-01,1.01957902e-01,1.09134711e-01,1.09287165e-01,1.24386668e-01,1.43932313e-01,1.23069629e-01,9.48578194e-02,8.93104225e-02,8.08481872e-02,6.79082125e-02,7.43028522e-02,5.55294007e-02,3.24752852e-02,1.01716504e-01,6.14727251e-02,1.19112357e-01,1.08464688e-01,8.68534669e-02,8.28906223e-02,8.97264183e-02,9.18729454e-02,1.09061405e-01,8.48685503e-02,4.85657007e-02,1.05470873e-01,8.76700729e-02,6.77714199e-02,1.18010327e-01,9.97844040e-02,7.71893635e-02,1.03930295e-01,1.15736328e-01,1.09009750e-01,1.10164978e-01,1.17421068e-01,9.34752226e-02,6.92701042e-02,1.41964126e-02,8.48130807e-02,1.04970030e-01,8.73597264e-02,1.16495095e-01,1.10971272e-01,1.09207772e-01,8.18205476e-02
1.07966475e-01,1.09955005e-01,1.11509934e-01,1.35890335e-01,1.26829639e-01,8.97781625e-02,1.12809479e-01,6.28822893e-02,7.52195120e-02,7.20110685e-02,9.78898928e-02,7.37664253e-02,1.17325932e-01,7.80417100e-02,1.37137115e-01,9.71727073e-02,1.07014552e-01,7.61922896e-02,2.34455764e-02,9.33656320e-02,6.29216880e-02,7.76843727e-02,8.98458511e-02,6.66654110e-02,5.30214868e-02,9.25447196e-02,7.79425278e-02,5.02733439e-02,1.03590123e-01,6.64851964e-02,1.32858083e-01,8.44977945e-02,1.10624216e-01,1.47438481e-01,8.40542242e-02,7.96074197e-02,1.34423062e-01,1.44961894e-01,5.34600019e-02,1.02617383e-01,9.76515785e-02,1.15425050e-01,1.13327801e-01,1.06247760e-01,1.00362457e-01,1.23548016e-01,1.27832264e-01,1.42770886e-01,1.29672572e-01,1.51214004e-01,8.86813179e-02,1.42334208e-01,1.17520668e-01,7.76032582e-02,9.00734663e-02,7.52138495e-02,9.13174376e-02,5.70360087e-02,6.64555281e-02,9.25514027e-02,7.90846199e-02,1.27955511e-01,8.89210552e-02,5.89410551e-02,1.14646412e-01,5.60327284e-02,4.99876738e-02,9.71755534e-02,1.43436715e-01,1.10728063e-01,7.68838897e-02,1.12350494e-01,7.40673169e-02,1.22508332e-01,1.34394869e-01,1.30595312e-01,1.19651176e-01,1.19962111e-01,4.50485498e-02,1.28339887e-01,9.70328078e-02
1.40764415e-01,1.33007154e-01,9.25553814e-02,7.52844289e-02,1.27752647e-01,1.10356063e-01,1.09978922e-01,9.55950692e-02,1.16310529e-01,6.82618693e-02,1.04331188e-01,1.01429880e-01,1.05003484e-01,8.38195384e-02,8.18840265e-02,1.01927474e-01,8.29149187e-02,8.79992396e-02,1.10334523e-01,7.67927766e-02,6.84214383e-02,4.58675586e-02,4.46302332e-02,8.12720060e-02,1.20302282e-01,9.13240910e-02,1.02342762e-01,1.01459593e-01,9.26075205e-02,1.01502337e-01,1.11027539e-01,8.47845525e-02,1.50798321e-01,1.57066494e-01,9.76574495e-02,1.07778817e-01,1.12538509e-01,8.87138769e-02,1.68008506e-01,1.26825273e-01,9.74500775e-02,9.74304006e-02,7.38840029e-02,7.86378309e-02,1.50022283e-01,8.37205201e-02,1.12229563e-01,1.36119857e-01,8.24687257e-02,8.16955492e-02,1.03950649e-01,1.12314843e-01,8.62424597e-02,8.48701522e-02,1.04345940e-01,9.03876871e-02,1.44058600e-01,9.38163921e-02,1.15280323e-01,6.01639487e-02,5.25771342e-02,5.75600751e-02,8.53911266e-02,8.01581144e-02,9.19171870e-02,9.74682048e-02,7.69095793e-02,7.48612881e-02,9.91437361e-02,6.90225214e-02,6.63181394e-02,7.69180879e-02,1.33158237e-01,1.05306737e-01,1.25793159e-01,1.34391874e-01,1.12046681e-01,1.06906757e-01,8.20639804e-02,1.79821894e-01,6.87366500e-02
7.46376663e-02,1.65581256e-01,1.00467101e-01,7.94841871e-02,1.10966459e-01,7.85850883e-02,9.46473777e-02,1.01994082e-01,1.19221933e-01,1.10040262e-01,1.01938620e-01,1.12243369e-01,1.14288196e-01,6.35791495e-02,6.70930073e-02,8.41629729e-02,4.36245389e-02,6.11778349e-02,1.18104726e-01,8.82787704e-02,3.66345532e-02,1.36550561e-01,6.73746765e-02,1.12198889e-01,9.12497938e-02,8.56569931e-02,9.81217101e-02,6.08108677e-02,8.65745842e-02,1.14830203e-01,6.38989732e-02,1.37171537e-01,1.18258685e-01,1.69883773e-01,1.16203345e-01,9.60899666e-02,7.96534047e-02,9.22178403e-02,8.63876492e-02,1.17539376e-01,1.05638631e-01,1.20875269e-01,6.18701614e-02,9.84439701e-02,1.13647759e-01,9.97926816e-02,8.74221995e-02,1.54930517e-01,1.20265178e-01,9.92646515e-02,1.09875701e-01,1.05710663e-01,5.48564717e-02,9.50844586e-02,9.41465423e-02,7.03445300e-02,9.64117274e-02,8.97124931e-02,6.18035421e-02,8.07368755e-02,2.82044057e-02,8.24024528e-02,5.74837811e-02,8.13746303e-02,9.76459235e-02,1.14411466e-01,8.53472129e-02,1.07870251e-01,1.17889374e-01,1.46752253e-01,1.13040045e-01,8.75598565e-02,1.14928335e-01,1.19586319e-01,1.03605196e-01,1.40998811e-01,7.91566297e-02,1.06063291e-01,8.73852298e-02,1.46181837e-01,1.78226501e-01
1.17362730e-01,1.29586503e-01,1.47179529e-01,1.25009388e-01,8.31119418e-02,1.11306548e-01,1.45771489e-01,5.77001050e-02,5.00855111e-02,9.56126228e-02,1.19881883e-01,1.07185759e-01,7.08300695e-02,6.31552637e-02,9.31955203e-02,1.15306541e-01,4.32763919e-02,6.79170191e-02,1.15611896e-01,5.32187149e-02,8.11981708e-02,6.17767908e-02,1.00152805e-01,5.76352291e-02,1.04431033e-01,1.17919572e-01,6.43185973e-02,1.07990682e-01,9.80360657e-02,9.42272395e-02,9.00744125e-02,8.35798383e-02,1.26120806e-01,1.05064757e-01,1.08695388e-01,9.75109637e-02,1.13654651e-01,8.75614807e-02,1.32878751e-01,-1.56276487e-02,3.54751684e-02,-9.73201543e-03,1.26429677e-01,1.19408906e-01,1.17709465e-01,8.22659358e-02,9.92648751e-02,1.17515549e-01,1.10887043e-01,1.07776776e-01,9.10941362e-02,6.65079430e-02,8.11405107e-02,1.01585440e-01,1.15481339e-01,8.61870497e-02,1.03984110e-01,1.00345805e-01,7.37709627e-02,6.37376606e-02,1.13262348e-01,9.87234563e-02,9.12168995e-02,9.91966650e-02,7.93844461e-02,9.73415822e-02,7.62312487e-02,8.47704336e-02,9.22975242e-02,4.63839471e-02,7.41975680e-02,1.04941040e-01,1.11902982e-01,1.19762033e-01,1.39298305e-01,1.72217503e-01,1.39399096e-01,9.82923880e-02,9.80151817e-02,9.69987139e-02,9.00864601e-02
1.04995750e-01,1.55853674e-01,1.47480696e-01,1.36978149e-01,1.18362337e-01,9.46739018e-02,1.25783756e-01,8.87358785e-02,1.24690153e-01,1.16613686e-01,6.04375973e-02,6.73482046e-02,8.81628245e-02,7.27439225e-02,3.10153347e-02,1.00761734e-01,8.33028853e-02,9.49195921e-02,7.10773766e-02,5.97331338e-02,1.13161035e-01,9.10373479e-02,8.92933980e-02,5.40607609e-02,2.02460289e-02,7.16460422e-02,7.42333680e-02,6.72516376e-02,9.76968333e-02,1.13762602e-01,1.18743606e-01,9.07204598e-02,1.14914253e-01,9.56112146e-02,1.52060181e-01,1.48937061e-01,1.05136871e-01,-3.49221192e-02,-5.30284829e-02,-1.63717404e-01,-2.14393303e-01,-1.84083760e-01,-2.83034835e-02,-5.87829985e-02,1.07506424e-01,1.38972268e-01,6.85558468e-02,1.10654533e-01,1.21487163e-01,1.13761656e-01,1.66665316e-01,1.06202088e-01,7.91752860e-02,1.12505160e-01,7.17173666e-02,1.17959112e-01,8.83815214e-02,7.82255754e-02,1.12466507e-01,7.33805522e-02,9.29603353e-02,1.21006534e-01,6.86793178e-02,7.58852586e-02,7.88733214e-02,1.16996400e-01,1.40218616e-01,8.28251839e-02,9.92242247e-02,4.43738773e-02,9.65492874e-02,1.48337588e-01,1.14384390e-01,6.27470464e-02,1.18080474e-01,1.39714852e-01,1.07401572e-01,9.49908718e-02,8.05061087e-02,7.57535622e-02,1.21025451e-01
1.29480109e-01,9.09621045e-02,1.21573947e-01,6.63231537e-02,1.52865916e-01,1.26252905e-01,1.49396837e-01,6.45473152e-02,1.19149789e-01,8.72998014e-02,7.52828866e-02,6.27847910e-02,6.22913577e-02,1.28292695e-01,9.23747569e-02,5.56137227e-02,9.46032405e-02,8.03220943e-02,7.53674284e-02,8.80104825e-02,3.05886716e-02,8.20079371e-02,8.76767337e-02,3.86023559e-02,1.00135975e-01,8.31307620e-02,1.15628168e-01,4.42962125e-02,8.90978947e-02,1.90377943e-02,9.37323198e-02,1.19433455e-01,1.18361078e-01,1.41162992e-01,1.01297878e-01,1.22779839e-01,-2.86133308e-02,-1.98951975e-01,-2.11241856e-01,2.92700082e-01,3.09824258e-01,2.85069466e-01,-1.54682964e-01,-1.62173003e-01,-2.07915599e-03,1.04404643e-01,1.01780005e-01,7.94490576e-02,1.21522315e-01,7.64838532e-02,1.05904073e-01,1.31392702e-01,9.59329531e-02,7.12453350e-02,7.45119974e-02,1.09371737e-01,7.70500079e-02,1.05338551e-01,7.81002566e-02,6.20234311e-02,6.61481619e-02,4.25552987e-02,1.25250205e-01,5.66722117e-02,4.03938629e-02,4.90678474e-02,8.03517252e-02,1.08669408e-01,4.29204628e-02,6.42554089e-02,7.22123608e-02,5.60403690e-02,7.63299540e-02,8.44554305e-02,6.87118471e-02,9.23625976e-02,8.66095051e-02,1.35960296e-01,1.18950166e-01,8.06631446e-02,1.03813030e-01
1.06167011e-01,8.23022872e-02,5.04094064e-02,1.29122749e-01,6.67171553e-02,9.26823020e-02,9.72532257e-02,7.04165921e-02,7.49695078e-02,9.56708789e-02,9.22926217e-02,1.11214541e-01,8.93311277e-02,1.21911198e-01,1.10928610e-01,6.90883622e-02,6.28482103e-02,8.60496014e-02,8.31017569e-02,7.55930841e-02,7.88803846e-02,6.22441135e-02,7.24050179e-02,1.30350769e-01,8.22275802e-02,8.19468722e-02,6.30490631e-02,7.19164163e-02,9.51005742e-02,7.56479576e-02,1.13998823e-01,8.09829980e-02,7.16356933e-02,4.58923243e-02,9.35082287e-02,-3.14179510e-02,-2.16699585e-01,3.06725472e-01,3.03767681e-01,9.54806507e-01,9.56665754e-01,9.62094188e-01,2.75783390e-01,2.90993899e-01,-2.18348473e-01,-1.55065246e-02,1.02371953e-01,8.62833709e-02,1.09461285e-01,9.77855325e-02,7.47264698e-02,1.16623826e-01,9.91352722e-02,1.03594638e-01,8.19078311e-02,1.24694958e-01,6.08669594e-02,6.72692433e-02,9.10716429e-02,5.44497184e-02,7.14568049e-02,1.10835247e-01,7.12989122e-02,5.21072410e-02,9.23740417e-02,9.28882211e-02,1.11189261e-01,1.08520359e-01,1.09741867e-01,8.01762044e-02,1.33692563e-01,9.83851030e-02,6.81261271e-02,8.71262029e-02,1.92601979e-01,8.79287347e-02,1.15591139e-01,3.81389484e-02,1.00856759e-01,1.14572443e-01,1.15624517e-01
8.90647024e-02,7.45968074e-02,1.08599477e-01,1.34145677e-01,1.01851560e-01,5.44634424e-02,1.09651811e-01,9.00929496e-02,5.07317595e-02,9.64970067e-02,8.80082697e-02,1.09793752e-01,7.33507350e-02,1.42076209e-01,1.17736213e-01,6.88446239e-02,6.38222545e-02,1.93547811e-02,4.52519283e-02,4.06261683e-02,6.37532249e-02,1.16807349e-01,9.62916315e-02,5.50150611e-02,7.07504749e-02,5.44952787e-02,1.18902288e-01,7.51799941e-02,5.54652475e-02,3.76176871e-02,7.35689104e-02,7.64591023e-02,9.85722765e-02,6.78749979e-02,9.44295228e-02,-1.85201421e-01,3.00517976e-01,9.23538387e-01,9.84510243e-01,1.38264716e+00,1.38879848e+00,1.41910017e+00,9.52516735e-01,9.60829616e-01,2.78560221e-01,-1.93614602e-01,9.49815959e-02,1.09878086e-01,4.85743359e-02,9.04973522e-02,5.53479642e-02,9.53643695e-02,8.51886049e-02,1.13823740e-02,2.36605182e-02,1.10203981e-01,1.01626977e-01,6.91117272e-02,4.94340025e-02,7.09405541e-02,8.17450956e-02,8.59051049e-02,5.82848378e-02,5.07598966e-02,5.00716865e-02,7.68466368e-02,9.83980820e-02,7.88521692e-02,7.98085183e-02,8.71547535e-02,1.15342088e-01,9.85514149e-02,1.29213586e-01,1.19463533e-01,1.20913312e-01,1.10626146e-01,7.71806464e-02,8.97402912e-02,5.42907752e-02,9.84450728e-02,1.16661713e-01
5.87049648e-02,9.00652111e-02,1.16964743e-01,9.53119472e-02,4.17211913e-02,1.37569025e-01,9.21512321e-02,8.38941038e-02,8.30236524e-02,6.10177480e-02,6.90156370e-02,6.75946474e-02,8.10993910e-02,9.56419930e-02,9.82070118e-02,7.45891556e-02,8.70477483e-02,6.18483573e-02,9.99779254e-02,5.38567714e-02,4.04147655e-02,5.90496436e-02,4.11969274e-02,1.24313369e-01,6.05776161e-02,3.59269306e-02,3.32487151e-02,1.26620904e-01,4.34309766e-02,6.73969835e-02,1.23871937e-01,7.45848864e-02,1.12329856e-01,1.77288383e-01,-2.40655113e-02,2.82421380e-01,9.83406842e-01,1.35418618e+00,1.34986866e+00,9.78736937e-01,9.82181907e-01,9.47784722e-01,1.35773420e+00,1.34992468e+00,9.13818359e-01,2.79259175e-01,-4.77605760e-02,1.06361456e-01,7.84239322e-02,7.96107501e-02,7.77816176e-02,9.85757336e-02,6.96440786e-02,9.98548642e-02,7.86144212e-02,3.17076892e-02,7.27850422e-02,8.27034712e-02,9.98186246e-02,4.47060503e-02,6.71724826e-02,1.34076357e-01,4.93922308e-02,7.71525502e-02,2.90172677e-02,7.32759461e-02,6.23317212e-02,7.89134800e-02,9.11319479e-02,6.67031407e-02,9.65333208e-02,6.64151534e-02,1.16779245e-01,5.80352657e-02,8.42180699e-02,7.53562823e-02,1.22964032e-01,7.26707354e-02,1.34386897e-01,1.43534884e-01,5.09104691e-02
9.74226892e-02,1.47630364e-01,1.33413076e-01,1.07573099e-01,6.68779314e-02,6.22495525e-02,5.32801412e-02,7.55816102e-02,8.54485184e-02,6.68675900e-02,6.43715039e-02,6.51791394e-02,9.34686214e-02,6.24035522e-02,5.28741851e-02,4.89790253e-02,8.87145996e-02,5.51890694e-02,2.42714621e-02,7.72395730e-02,5.19867018e-02,1.01162553e-01,6.09920174e-02,9.30391103e-02,1.01222806e-02,2.53267195e-02,7.05673769e-02,1.02863021e-01,1.04387462e-01,9.25416872e-02,5.20160981e-02,1.23464979e-01,7.71628246e-02,-5.26347011e-02,-2.19057456e-01,9.77438807e-01,1.35181212e+00,9.32477474e-01,9.86275792e-01,2.51379341e-01,2.87510574e-01,2.40994871e-01,9.61726248e-01,9.02569950e-01,1.35139346e+00,9.74460304e-01,-2.10334852e-01,-3.03838588e-02,4.34783660e-02,7.14310184e-02,8.26461911e-02,7.96828568e-02,1.31833389e-01,4.30771075e-02,9.47362483e-02,4.61961068e-02,9.96134058e-02,5.21217883e-02,9.74794570e-03,1.03969149e-01,2.66563147e-02,5.61961755e-02,7.52628744e-02,4.02394310e-02,7.80816898e-02,8.25816244e-02,1.01213291e-01,9.39419791e-02,5.20193093e-02,1.05754778e-01,7.58952126e-02,1.24241158e-01,7.00583011e-02,1.18414640e-01,9.85200703e-02,2.38723792e-02,1.00521542e-01,4.87763435e-02,8.75880718e-02,1.13831848e-01,1.23826280e-01
1.22786380e-01,9.42084342e-02,1.14881851e-01,1.08841389e-01,9.26961675e-02,9.56312194e-02,2.60121040e-02,7.35880807e-02,6.93509728e-02,5.89318201e-02,7.94165581e-02,4.51636165e-02,6.20985851e-02,6.00311309e-02,9.77233201e-02,5.18678464e-02,2.31385287e-02,6.33716360e-02,8.80072117e-02,5.52216507e-02,6.57527596e-02,4.32961881e-02,8.94506127e-02,7.78537467e-02,4.14138176e-02,1.50783388e-02,6.31277114e-02,5.14626577e-02,8.17124546e-02,9.52326581e-02,1.19882807e-01,9.34774503e-02,6.98786303e-02,-1.94869578e-01,2.37009257e-01,1.34764063e+00,9.22693789e-01,2.49777049e-01,2.44275272e-01,-2.09478185e-01,-1.25730857e-01,-1.51760742e-01,2.62932003e-01,3.10355037e-01,9.52467144e-01,1.36376238e+00,2.39425480e-01,-1.78144544e-01,1.04400977e-01,6.06770851e-02,1.03923669e-02,4.45008427e-02,7.36788511e-02,5.98555207e-02,7.00772107e-02,5.25218360e-02,9.46815759e-02,4.90835421e-02,5.15594892e-02,7.69855678e-02,1.84106063e-02,3.95133086e-02,-2.11959109e-02,7.44709298e-02,5.73682822e-02,7.08992556e-02,9.99193564e-02,6.80969730e-02,7.84306824e-02,3.19326408e-02,5.55857308e-02,4.51727882e-02,5.72857410e-02,9.71220881e-02,1.27995759e-01,9.62646827e-02,1.39999330e-01,9.46461335e-02,6.78216517e-02,6.11190237e-02,1.24972060e-01
8.04256797e-02,4.01864164e-02,6.93199709e-02,8.29701126e-02,7.17146918e-02,1.12119779e-01,7.21389279e-02,1.87313884e-01,4.97203097e-02,5.15909456e-02,3.83583196e-02,8.75046477e-02,7.05997646e-02,9.15862471e-02,7.98690617e-02,7.73321539e-02,4.50018719e-02,2.48503238e-02,6.62794784e-02,4.66135815e-02,1.10969231e-01,1.70487352e-03,8.50289315e-02,5.25169522e-02,7.17393458e-02,3.76948752e-02,9.70366448e-02,1.13644667e-01,3.01072393e-02,4.50606421e-02,8.78113508e-02,7.84553587e-02,-5.29659130e-02,2.04705387e-01,9.38718259e-01,9.75763738e-01,2.68132418e-01,-2.11079404e-01,-2.02339366e-01,-1.56295113e-02,-4.26281020e-02,-1.93890557e-02,-2.45366380e-01,-2.03913793e-01,2.21028507e-01,9.56586957e-01,9.55746531e-01,2.64160007e-01,-6.67873323e-02,1.04661480e-01,8.32851976e-02,9.85467061e-02,8.54143649e-02,2.20929421e-02,8.15837532e-02,2.53701583e-02,7.69482702e-02,3.75062376e-02,8.73910859e-02,5.01301065e-02,1.05373496e-02,9.17770714e-02,2.48982739e-02,6.65727854e-02,2.26457044e-02,3.65356058e-02,5.96531034e-02,2.73989793e-02,4.02761288e-02,9.04451981e-02,1.06548429e-01,7.25958943e-02,1.18297078e-01,7.28437752e-02,6.38586953e-02,6.16677776e-02,7.51509368e-02,2.61385590e-02,5.43747470e-02,5.86492009e-02,9.12507921e-02
5.39878383e-02,9.22953039e-02,4.71467562e-02,8.36888254e-02,7.46006295e-02,9.26149487e-02,1.14738001e-02,1.09983899e-01,6.29245043e-02,6.52431101e-02,4.65395823e-02,8.20000321e-02,4.70434688e-02,6.81434348e-02,5.52046224e-02,8.41916874e-02,7.62235895e-02,4.89599630e-02,8.87829363e-02,5.01123518e-02,4.11910191e-02,3.52279022e-02,9.46748629e-02,3.93045731e-02,5.77647835e-02,4.30471897e-02,5.33246212e-02,6.95165396e-02,5.42348064e-02,2.82033309e-02,4.39782590e-02,6.58653751e-02,-1.70140699e-01,9.75061178e-01,1.33291054e+00,2.96848446e-01,-2.01868176e-01,-7.89606944e-02,-6.35159910e-02,1.26772657e-01,9.26122889e-02,3.92948464e-02,-8.33452046e-02,-4.43027280e-02,-2.25309238e-01,2.16289788e-01,1.34523618e+00,9.58472729e-01,-2.17855752e-01,8.99331942e-02,1.23972870e-01,6.95090219e-02,5.00360653e-02,5.03656901e-02,6.11038990e-02,6.63389713e-02,5.60849421e-02,6.81212842e-02,4.45909798e-02,7.27307498e-02,6.49059936e-02,4.17568311e-02,2.87796631e-02,5.00535741e-02,6.50570616e-02,4.09363173e-02,6.97873309e-02,1.28377397e-02,3.42345573e-02,3.05112209e-02,8.20263103e-02,8.82438272e-02,6.62071630e-02,1.34431452e-01,6.96157068e-02,1.00427553e-01,7.98237324e-02,3.48597467e-02,7.54572451e-02,1.05424814e-01,5.21753691e-02
8.15146565e-02,8.54768082e-02,6.09617010e-02,5.86641990e-02,7.27528110e-02,8.52962211e-02,7.09763020e-02,5.50882965e-02,3.20938677e-02,2.80888956e-02,1.00330919e-01,8.37905034e-02,7.44154379e-02,6.04826212e-02,2.89494600e-02,2.97938231e-02,5.69094606e-02,3.23095955e-02,2.28621755e-02,7.78058246e-02,1.68877095e-02,5.68435676e-02,6.30354807e-02,3.73306051e-02,3.58924642e-02,5.43177649e-02,6.24462068e-02,6.64367303e-02,5.70651405e-02,6.17402494e-02,9.92304534e-02,-8.92825648e-02,2.15047494e-01,1.35084224e+00,9.22110319e-01,-2.34141231e-01,-6.64405823e-02,6.86853230e-02,5.87470308e-02,1.05501249e-01,6.69319183e-02,9.31785703e-02,1.01183750e-01,3.66521478e-02,-1.12013713e-01,-2.18570665e-01,9.58190024e-01,1.39008546e+00,2.58149207e-01,-9.33497101e-02,4.09241952e-02,-1.84468478e-02,5.86862080e-02,8.21907297e-02,3.51952277e-02,4.71248478e-02,3.80648524e-02,2.46010050e-02,3.95874940e-02,7.40654692e-02,5.67612536e-02,4.00292277e-02,4.39187093e-03,4.84007336e-02,5.70252817e-03,2.05026325e-02,3.24755721e-02,4.55785133e-02,3.49727347e-02,3.45826000e-02,4.42871898e-02,4.21550907e-02,6.29836768e-02,1.60221513e-02,7.34314695e-02,5.92421480e-02,9.74742994e-02,9.12868455e-02,8.26135948e-02,4.09380011e-02,4.79680970e-02
9.05676261e-02,5.65061085e-02,4.45850044e-02,3.89180407e-02,6.77708536e-02,5.51364683e-02,8.52330178e-02,4.74060513e-02,8.50772560e-02,2.12584697e-02,2.32135151e-02,7.02283951e-03,2.23623980e-02,4.84191626e-02,2.94216778e-02,2.22638715e-02,5.44150136e-02,1.90622006e-02,7.20102191e-02,4.40669097e-02,5.88101782e-02,2.49912608e-02,3.95628624e-02,3.79937179e-02,-2.74690893e-03,6.04193360e-02,-2.51649763e-03,3.24561223e-02,6.51740357e-02,8.57838988e-03,8.22972134e-02,-2.44676203e-01,9.23283756e-01,9.18828726e-01,2.29467452e-01,-8.52127746e-02,5.73141649e-02,9.05421600e-02,5.92295676e-02,5.96691035e-02,6.07616007e-02,9.14351046e-02,6.24480173e-02,9.41795856e-02,7.25244060e-02,-9.12351608e-02,2.06010923e-01,9.20203805e-01,9.00814235e-01,-2.60433555e-01,-6.44440902e-03,5.93893789e-02,5.88803589e-02,2.08428539e-02,4.70938161e-02,7.91857317e-02,7.98472688e-02,4.56554368e-02,3.56146097e-02,4.69969250e-02,5.99095076e-02,-3.36261168e-02,3.32009457e-02,-6.77260244e-03,2.73473840e-02,2.29944140e-02,4.67222743e-02,3.22140008e-02,7.59724453e-02,5.19752912e-02,8.09780434e-02,6.24167435e-02,4.78835292e-02,7.40017369e-02,3.19297239e-02,5.70443571e-02,1.01392232e-01,1.04876302e-01,5.49278967e-02,4.78204042e-02,8.84098560e-02
8.02727640e-02,6.60196543e-02,9.42091122e-02,4.65059876e-02,4.20102365e-02,9.42663923e-02,9.05673131e-02,5.58095314e-02,4.04908694e-02,3.36693935e-02,8.08637682e-03,3.59362513e-02,2.27685180e-02,-1.08104735e-03,1.01574939e-02,2.83794794e-02,4.12913077e-02,7.14798411e-03,1.51136955e-02,1.53040923e-02,6.24107309e-02,6.57105073e-02,3.63403372e-02,3.99287269e-02,7.08658015e-03,-1.16668465e-02,4.13700901e-02,5.11014508e-03,3.22174840e-02,4.46728170e-02,-4.26110141e-02,1.94752023e-01,1.30426455e+00,2.74075389e-01,-2.39036843e-01,4.35373373e-02,-1.07602065e-03,6.64559752e-02,1.01674855e-01,6.97908625e-02,6.69531971e-02,7.06641600e-02,3.34316120e-02,5.98229840e-02,7.61504471e-02,5.91735467e-02,-2.20690042e-01,1.69292539e-01,1.30795300e+00,2.53836662e-01,-7.72688389e-02,7.68847466e-02,6.04615919e-02,2.71522272e-02,7.92550370e-02,-9.94180050e-03,2.26155091e-02,6.37945533e-02,3.80970985e-02,4.00602482e-02,3.29181962e-02,-1.88649688e-02,4.16585803e-02,2.90357023e-02,-3.37262987e-03,4.93701920e-02,4.46395986e-02,5.00606149e-02,4.88022864e-02,4.13871743e-03,1.92328710e-02,4.19282988e-02,6.39162660e-02,6.78581744e-02,-7.90998433e-03,5.71221411e-02,4.47672457e-02,6.15474023e-02,5.33051901e-02,7.13735148e-02,1.80485696e-02
7.42191449e-02,9.62774009e-02,2.74582412e-02,1.99546106e-02,3.88205387e-02,7.25647137e-02,2.48255599e-02,3.31860185e-02,8.18443522e-02,5.58064133e-02,6.42836541e-02,1.83607135e-02,-7.43189268e-03,2.58659739e-02,3.55963176e-03,4.75416332e-02,3.57124954e-02,-2.08864994e-02,-3.85908522e-02,2.42787153e-02,3.00476365e-02,2.52579805e-02,2.51687914e-02,1.07684368e-02,1.11409901e-02,-9.49046947e-03,1.24288909e-02,4.06219885e-02,2.52067503e-02,4.16564867e-02,-2.64639318e-01,9.32517529e-01,9.17137742e-01,-2.56918311e-01,-9.59213972e-02,3.97779308e-02,4.88683581e-02,3.49933617e-02,4.34374996e-02,8.19911733e-02,5.69865033e-02,3.50376554e-02,6.58630952e-02,4.27373983e-02,3.15559395e-02,5.67139164e-02,-5.98839223e-02,-2.16837838e-01,8.82435679e-01,8.67867112e-01,-2.56494790e-01,1.67474113e-02,5.63599281e-02,-8.86521768e-03,6.10142620e-03,8.69085640e-03,4.28475700e-02,5.63911833e-02,3.51041742e-02,1.74369253e-02,3.34806293e-02,1.13162789e-02,-7.64279300e-03,2.54977737e-02,1.75539628e-02,2.54641864e-02,7.70494342e-02,-2.24630907e-03,5.41164912e-02,2.42413338e-02,2.65126377e-02,1.22116441e-02,4.44929153e-02,-4.65298584e-03,3.45601179e-02,3.05189230e-02,5.53052351e-02,2.62826104e-02,5.17471433e-02,6.59458265e-02,8.62872675e-02
3.93074006e-02,4.24384698e-02,-9.35458206e-03,3.41812670e-02,3.07034627e-02,7.29091540e-02,2.26448756e-02,1.66685563e-02,2.35401690e-02,8.23266730e-02,-2.77479086e-03,1.30556775e-02,3.32988314e-02,5.38613573e-02,4.75532487e-02,-1.21593345e-02,1.00079328e-02,3.77453212e-03,-3.59470248e-02,1.94508061e-02,8.89412221e-03,2.05824450e-02,1.30135342e-02,2.86674444e-02,-4.14042221e-03,-4.30668611e-03,-1.57964900e-02,4.51997966e-02,5.28168604e-02,4.59807143e-02,1.69195622e-01,1.30846608e+00,2.04134077e-01,-9.98355225e-02,7.94731453e-03,4.88106832e-02,1.46115776e-02,4.27033417e-02,2.36692224e-02,3.34492624e-02,7.50190467e-02,1.99339632e-02,2.34131087e-02,3.59141901e-02,4.88180332e-02,3.29554528e-02,5.19729853e-02,-1.17422231e-01,2.59780020e-01,1.38656950e+00,1.97506920e-01,2.68721394e-02,2.16249917e-02,4.09473553e-02,2.93511506e-02,3.21109816e-02,2.98688635e-02,3.85641083e-02,2.63186265e-02,5.24539612e-02,5.28557152e-02,6.61896681e-03,-1.75688937e-02,7.50000775e-03,5.03636291e-03,3.19731049e-02,1.60058134e-03,1.29455747e-02,5.80635369e-02,1.30840121e-02,6.61379769e-02,3.04232687e-02,3.85834426e-02,1.12871639e-02,4.24742736e-02,5.85568808e-02,5.36886640e-02,7.20380545e-02,5.21908887e-02,5.28985783e-02,3.96167226e-02
2.96978801e-02,2.32883599e-02,1.19740581e-02,4.09970768e-02,7.49171898e-02,2.57148053e-02,-1.07343793e-02,4.50110901e-03,1.65707041e-02,-3.75929824e-03,2.14103963e-02,4.70260940e-02,-2.92082373e-02,7.40153715e-02,5.65816322e-03,7.45562371e-03,-2.00165380e-02,-1.60327647e-02,1.97938513e-02,-3.50963622e-02,1.78392436e-02,2.24799048e-02,1.07700499e-02,1.47433793e-02,7.23667769e-03,2.10314859e-02,5.33716753e-02,-1.24165900e-02,3.54138725e-02,-7.39788935e-02,8.75715613e-01,8.68137896e-01,-2.40472674e-01,1.69648032e-03,-9.60272085e-03,4.82100025e-02,5.76256774e-02,3.50019820e-02,4.93465504e-03,7.38001689e-02,5.02594896e-02,-5.25309413e-04,5.72052896e-02,2.53070965e-02,1.88412927e-02,-2.23837001e-03,1.58549827e-02,6.93157315e-02,-2.74078071e-01,8.72150362e-01,8.93066108e-01,-1.26385286e-01,2.16542464e-02,5.68292476e-02,-8.03511404e-03,7.12561375e-03,4.52235900e-03,4.34413031e-02,1.45573514e-02,2.49494668e-02,4.93045337e-03,-1.91040393e-02,-6.69985311e-03,-5.24609685e-02,-1.75128058e-02,4.41803224e-02,1.30447326e-02,1.62917643e-03,-2.17853170e-02,4.63873781e-02,-5.91701921e-03,3.23946066e-02,2.61837523e-02,3.06943730e-02,5.88913895e-02,4.79454510e-02,3.14496346e-02,1.77167486e-02,2.23467872e-02,4.10038978e-02,5.10878451e-02
1.78885981e-02,-3.31812655e-03,1.11909136e-02,1.47497170e-02,3.14645246e-02,4.29310463e-02,1.83392633e-02,-4.91564255e-03,4.38991860e-02,-2.67315656e-03,-8.80352501e-03,-5.01572192e-02,1.88716836e-02,-2.60752300e-03,2.51668729e-02,1.69714391e-02,-1.78710297e-02,-2.06161141e-02,4.78886254e-02,1.24890888e-02,-1.47849713e-02,-1.54133579e-02,-1.12266396e-03,8.34020879e-03,-2.04430223e-02,-1.96165070e-02,-3.66961583e-02,8.75417143e-04,-5.17967790e-02,-2.68023074e-01,1.27786231e+00,1.91760197e-01,-8.24027881e-02,4.37617674e-02,4.08568569e-02,3.62511128e-02,4.98704277e-02,4.61200103e-02,8.45978130e-03,2.24762000e-02,7.90462494e-02,6.23916201e-02,-6.63935347e-03,1.66072529e-02,9.56159923e-03,3.85224223e-02,-3.24124694e-02,5.47728203e-02,-1.27384380e-01,2.12858573e-01,1.32179177e+00,-2.70376801e-01,-5.16959392e-02,-3.75975296e-02,5.90554439e-03,2.67348252e-02,3.32036093e-02,2.30609882e-03,-2.35788673e-02,1.62405390e-02,1.19182114e-02,1.77615602e-02,1.60278864e-02,1.64187960e-02,-6.33477373e-03,-4.71042097e-03,4.74626608e-02,1.43717965e-02,5.63974157e-02,-2.69268663e-03,2.01645028e-02,3.00667565e-02,2.51022652e-02,-4.66193771e-04,-3.65920588e-02,3.08923554e-02,2.18838565e-02,3.02059390e-02,7.82744773e-03,1.19372690e-02,2.92870291e-02
3.49412300e-02,7.18572922e-03,6.98414352e-03,2.77707744e-02,3.63460518e-02,2.33082399e-02,-1.34280547e-02,9.64173675e-03,2.88491286e-02,4.68037557e-03,1.63586605e-02,1.60317719e-02,2.16194941e-03,2.28267349e-02,1.05439350e-02,3.53002548e-02,-1.78985961e-03,-1.58768194e-03,8.45313165e-03,-3.27435993e-02,-1.76912788e-02,2.47831940e-05,-5.69920018e-02,4.71388875e-03,-1.95008926e-02,6.80229813e-03,5.12136659e-03,4.23135944e-02,-1.35358423e-01,1.82745859e-01,8.60119462e-01,-2.37424240e-01,-4.09862632e-03,4.73094992e-02,6.72123116e-03,2.70040818e-02,2.04039495e-02,7.35199964e-03,2.81102862e-02,2.40514465e-02,6.77877106e-03,3.22306156e-02,3.73476334e-02,2.99834087e-02,6.96215481e-02,-1.82396919e-03,-4.55694534e-02,-2.07655430e-02,5.12973964e-03,-2.40329400e-01,8.51094365e-01,1.81662679e-01,-7.15481564e-02,-5.84763521e-03,8.82688444e-03,2.12820567e-04,-4.00888175e-02,-3.27401683e-02,-3.00087836e-02,1.90414358e-02,-4.23891796e-03,-1.19509976e-02,-2.72698533e-02,1.54039997e-03,-3.15269493e-02,2.92947367e-02,-1.55414566e-02,2.08788589e-02,-2.03661043e-02,-1.59526952e-02,1.09228808e-02,-1.83813851e-02,6.77553657e-03,1.07390601e-02,2.69201994e-02,2.89108474e-02,-4.85798856e-03,9.26148612e-03,4.02873792e-02,2.45866040e-03,4.49935496e-02
4.86920867e-03,2.18128823e-02,-2.06401516e-02,9.83996596e-03,-2.34297235e-02,1.52787063e-02,-2.49075871e-02,-3.89992110e-02,4.73748613e-03,1.30084297e-02,4.29599173e-03,5.26152253e-02,1.41419284e-02,-7.46614859e-03,-9.21832491e-03,-2.27222033e-02,-1.51890079e-02,2.21274197e-02,-5.15119098e-02,-1.37589546e-02,-7.92076252e-03,-5.18719368e-02,-5.16151078e-02,-3.69388424e-02,-6.79365708e-04,-3.29253706e-03,-2.77699828e-02,5.25116827e-03,-2.84268856e-01,8.64432037e-01,1.81100279e-01,-8.65471363e-02,-3.63464169e-02,-9.72055644e-03,3.08411458e-04,4.09933887e-02,3.56009901e-02,4.01411802e-02,-6.55229855e-03,4.49410938e-02,-6.36132946e-03,-3.56852892e-03,4.80062366e-02,2.29971949e-03,3.05720810e-02,-3.27461213e-02,3.69604155e-02,2.68677436e-02,-2.35108528e-02,-6.61513358e-02,2.20585480e-01,8.47273350e-01,-3.26056123e-01,-2.84586884e-02,7.97763020e-02,-1.15531674e-02,-4.10273764e-03,-1.53340911e-02,-2.24331859e-02,-4.67545688e-02,-3.23030725e-02,-2.62825470e-02,2.54733022e-03,2.25155782e-02,-5.26417010e-02,-2.89642029e-02,3.47134583e-02,-3.50526511e-03,-1.68655720e-02,-2.59898286e-02,1.04724588e-02,-2.66099870e-02,-1.10217063e-02,2.27613542e-02,-2.83574723e-02,2.98740342e-02,9.65476409e-03,-1.49687855e-02,2.66865119e-02,-1.28093520e-02,-3.45808007e-02
-2.88973060e-02,1.60740893e-02,-1.14080645e-02,1.67449657e-02,-3.47531848e-02,-2.38349698e-02,-3.47294025e-02,6.89576101e-03,1.42376323e-03,2.33225822e-02,4.39436128e-03,3.95327955e-02,-7.66951218e-02,5.11838449e-03,-5.76940067e-02,4.51663090e-03,-6.29995484e-03,-1.52831785e-02,-4.73870113e-02,-2.72858478e-02,-3.89586426e-02,-2.50452925e-02,-5.11762351e-02,-5.84573783e-02,-8.21396243e-03,-3.03237457e-02,-4.22233641e-02,-4.56292294e-02,1.71143800e-01,1.30653334e+00,-2.89295644e-01,1.01516880e-02,-1.83478184e-02,1.31478067e-02,-1.15627768e-02,3.28197107e-02,-6.84221368e-03,1.66575573e-02,5.67133911e-02,-1.76515505e-02,5.14482446e-02,2.29324941e-02,4.13700799e-03,-2.95497458e-02,1.54517973e-02,2.07063295e-02,-2.39937510e-02,-1.81912091e-02,4.74557430e-02,-3.32791843e-02,-2.91205585e-01,1.27573812e+00,2.12447867e-01,-6.53678402e-02,-3.83945666e-02,-3.12529951e-02,-4.32960801e-02,-4.55785282e-02,-1.36428969e-02,1.04826158e-02,-3.82163115e-02,-1.79995205e-02,8.29814840e-03,-9.08823684e-03,-3.46784815e-02,-3.39098275e-02,-5.74714765e-02,-4.66902107e-02,-1.43279042e-02,8.51573516e-03,9.66168288e-03,3.37565667e-03,-5.07899188e-03,-3.76450568e-02,-2.46853530e-02,2.02292278e-02,-3.31715010e-02,-4.36753267e-03,6.82774326e-03,1.26223564e-02,3.10502388e-02
-4.57908493e-03,1.93526130e-02,-4.67542857e-02,1.13756079e-02,-1.74408685e-02,-4.08518314e-03,-2.12319978e-02,-4.01125252e-02,-1.18980315e-02,-2.69643292e-02,-1.29919918e-02,-3.23800556e-02,-3.54403481e-02,-4.38533984e-02,-2.49431003e-02,-1.12606660e-02,-5.77470027e-02,-1.17959911e-02,-7.61508271e-02,-1.57349836e-02,3.55979032e-03,-5.36404066e-02,1.78215876e-02,-5.50076179e-03,-1.02781029e-02,-7.39032030e-02,6.46141963e-03,-1.33334309e-01,8.25342357e-01,8.85278046e-01,-1.08191162e-01,-2.69201491e-02,-4.44758311e-02,2.16212892e-03,-1.77928880e-02,-2.88377535e-02,-1.64122805e-02,6.59576757e-03,-3.08079403e-02,9.03416518e-03,8.58313963e-03,-1.70653109e-02,-2.37523243e-02,-3.17410640e-02,5.39132170e-02,-1.38458759e-02,-2.33180728e-02,6.72711581e-02,-2.89840326e-02,-2.87945885e-02,-1.46393463e-01,8.63702118e-01,8.35605204e-01,-1.60866618e-01,-2.12950371e-02,-1.64712369e-02,-1.37034999e-02,-5.43509163e-02,-5.03111929e-02,1.94185507e-02,-4.64195721e-02,-7.01576620e-02,-3.01797725e-02,2.05357131e-02,-6.02087490e-02,-2.17956640e-02,-7.31194541e-02,-4.39561438e-03,-8.94922391e-02,-8.33058655e-02,-5.41696735e-02,-3.39319035e-02,-3.20154801e-03,-3.53467204e-02,-1.97318289e-02,-4.47288714e-02,-1.54277366e-02,2.40006503e-02,-4.41024639e-02,-1.61289237e-02,-4.18829434e-02
-2.32921299e-02,-3.86095308e-02,-1.76189523e-02,1.63351167e-02,-4.80305627e-02,1.94247495e-02,-2.64806356e-02,-9.44680721e-03,-3.91115993e-02,-1.14653783e-04,-8.80777165e-02,-3.73595990e-02,7.04041589e-03,2.29871534e-02,-2.49571465e-02,-5.14014177e-02,-5.00829592e-02,-1.59249234e-03,6.08406903e-04,-9.60609689e-03,-3.79144177e-02,-3.80275995e-02,-1.08210668e-01,-7.97326863e-03,-6.00626990e-02,-1.13039957e-02,1.05835600e-02,-3.19039226e-01,1.23473656e+00,1.39484659e-01,-3.38844992e-02,-4.41788919e-02,-1.64910909e-02,-4.12201658e-02,2.65234336e-02,-3.76886316e-02,-4.58057262e-02,-2.60981452e-02,7.37812184e-03,-1.95988938e-02,3.08458298e-03,1.10712145e-02,3.93019896e-03,1.42048229e-03,-2.55162865e-02,-5.05226813e-02,-5.70560656e-02,-2.97141485e-02,-4.00399677e-02,-5.24573959e-02,-3.96373495e-02,1.99772552e-01,1.24906242e+00,-3.40021998e-01,-2.18531676e-02,-4.89710309e-02,-7.62601718e-02,-4.36614640e-02,-3.11352536e-02,-9.77600459e-03,-1.07024256e-02,-8.14681798e-02,-4.62560616e-02,-5.41906059e-02,-5.45331687e-02,-1.95046719e-02,1.20643259e-03,-4.91096862e-02,-4.69819084e-03,-6.20717853e-02,-5.03871590e-02,-4.39989194e-02,-5.35266325e-02,-1.28118947e-04,-5.84928133e-03,-1.23205585e-02,8.59932974e-03,-2.52933130e-02,-1.30107859e-02,-4.65606572e-03,-2.81247832e-02
-8.99254996e-03,-1.95072535e-02,3.76091176e-03,-3.66109870e-02,-2.55760513e-02,-6.98558986e-02,-4.50349450e-02,-6.78624436e-02,-5.82409240e-02,-2.51281522e-02,-1.23400018e-02,-3.45303677e-02,-2.63484884e-02,7.42950058e-03,-3.96821871e-02,-2.10921522e-02,-6.64247498e-02,-2.31278613e-02,-5.24575636e-02,-7.12156519e-02,-1.74541399e-02,-2.17058901e-02,-7.94958323e-02,-2.11398546e-02,-8.35792869e-02,-1.59321614e-02,-1.95633680e-01,1.42758474e-01,8.07169199e-01,-3.54741961e-01,-2.84957364e-02,-1.72234625e-02,-3.15169320e-02,-3.35669108e-02,-2.26741713e-02,-1.31456915e-03,-2.07539927e-02,-4.77482639e-02,-4.43452895e-02,3.01221907e-02,-5.33219008e-03,6.46758638e-03,-2.78139394e-02,-2.05272604e-02,-6.29595574e-03,-5.01510128e-02,3.30437371e-03,-2.96333097e-02,-5.17102219e-02,-7.53856776e-03,1.81361455e-02,-3.13966572e-01,7.88029015e-01,1.17243692e-01,-1.83968127e-01,9.31509770e-03,-3.34102511e-02,-1.71049070e-02,-4.26563099e-02,-8.51182789e-02,-6.49131462e-02,-7.18535781e-02,-4.44900580e-02,-2.03489941e-02,-4.77627739e-02,-3.15310881e-02,-3.98949347e-02,-3.56682055e-02,-6.63795397e-02,-4.47931513e-02,-4.54596989e-02,-4.28564884e-02,-1.98840201e-02,-2.82489583e-02,-5.14897443e-02,-2.07628701e-02,-5.22509823e-03,4.69936430e-03,1.98041624e-03,3.67577682e-04,-5.31081334e-02
-1.24268625e-02,-2.53391564e-02,-4.97342572e-02,-5.94648011e-02,4.17374857e-02,-1.46699296e-02,6.04498908e-02,-7.13198707e-02,-5.82398362e-02,-3.98687087e-02,-6.46278486e-02,-6.23163693e-02,-1.08016208e-01,2.52349749e-02,-2.42068991e-02,-9.52669792e-03,-5.88624738e-02,-7.51523674e-02,-5.41675538e-02,-7.95690492e-02,-7.88201317e-02,-6.53455779e-02,-3.55273411e-02,-8.30246508e-02,-5.94261736e-02,-6.65927827e-02,-3.21991384e-01,7.91520059e-01,1.43163279e-01,-1.70852691e-01,-7.45230168e-02,-3.85453627e-02,-2.98671573e-02,1.60971761e-03,2.42967848e-02,-9.60067287e-03,-4.58337506e-03,7.14152027e-03,5.01235714e-03,-5.47107644e-02,-2.66120285e-02,-6.23275675e-02,-1.87206026e-02,-2.61986461e-02,-1.10433567e-02,-8.92570466e-02,3.22322454e-03,-3.18746082e-02,-7.39608034e-02,-8.59413948e-03,3.74764990e-04,-2.00874254e-01,1.53473914e-01,8.06368589e-01,-2.95130134e-01,-9.91077870e-02,-6.81601986e-02,2.24961736e-03,-2.73254495e-02,-3.24062444e-02,-7.01084062e-02,-3.71463336e-02,-3.36165540e-02,-8.03150907e-02,-7.97985867e-02,-9.02717113e-02,5.93741192e-03,-6.42799437e-02,-4.95473593e-02,-4.32586819e-02,-4.03969772e-02,-2.82988250e-02,-6.32921010e-02,-4.55220975e-02,-1.89715996e-02,-6.09046556e-02,-2.30834354e-02,-6.34942874e-02,-4.04956900e-02,-2.33801622e-02,-1.16985515e-02
-7.42902458e-02,-1.05147548e-02,-6.74972637e-03,-2.82396637e-02,-7.61902716e-04,-7.34731257e-02,-4.72482555e-02,-1.97358802e-02,-2.68946681e-02,-7.36879781e-02,-6.92573637e-02,-4.48336340e-02,-8.57911780e-02,-2.46020928e-02,-8.23310167e-02,-1.49426116e-02,-9.87096205e-02,-8.31395388e-02,-1.01113565e-01,-5.62155992e-02,-6.08446747e-02,-7.69567937e-02,-5.75490780e-02,-7.91410208e-02,-5.19600846e-02,-6.01251833e-02,8.57354030e-02,1.21410704e+00,-4.01367038e-01,-1.95442140e-02,-4.32124622e-02,-2.20249500e-02,-8.44878927e-02,-8.40283632e-02,-3.05658253e-03,-3.43489014e-02,-6.34740442e-02,-6.48832843e-02,-8.20294023e-02,-1.93365104e-02,-4.39097062e-02,-5.73402941e-02,-5.23374863e-02,1.78410101e-03,4.86808224e-03,-7.68324360e-02,-5.19824848e-02,-4.19564657e-02,-8.66262764e-02,-9.18083489e-02,-6.84994981e-02,-7.59404153e-02,-2.95292109e-01,1.25202131e+00,1.48956001e-01,-1.07311375e-01,-9.93119925e-02,-5.56843989e-02,-4.93154414e-02,-7.78954998e-02,-5.54997921e-02,-1.16675079e-01,-8.88119489e-02,-5.09580448e-02,-4.20468226e-02,-1.99677330e-02,-7.78044313e-02,-4.18076217e-02,-2.33319122e-02,-3.42145339e-02,-6.34790510e-02,-8.05649012e-02,-3.20847891e-02,-3.68583091e-02,-3.52376439e-02,-1.55293643e-02,-6.16684370e-02,-5.01387902e-02,-6.80782869e-02,-1.20991236e-02,-6.37821481e-02
-5.78649119e-02,-2.91447379e-02,-4.03020643e-02,-7.62281492e-02,-3.72225232e-02,-5.92155457e-02,-3.69705223e-02,5.90647804e-03,-6.25367761e-02,-2.49537025e-02,-5.48528917e-02,-3.26495655e-02,-6.48012683e-02,-4.98878434e-02,-6.10131025e-02,-8.06799084e-02,-5.50101511e-02,-4.77182567e-02,-7.24949315e-02,-7.16099516e-02,-5.67968078e-02,-8.54814351e-02,-3.79393809e-02,-2.12704949e-02,-5.98589703e-02,-1.71873271e-01,7.81735241e-01,7.90988386e-01,-2.31379315e-01,-8.19954351e-02,-3.30972299e-02,-4.90547456e-02,-2.89073004e-03,-5.62178455e-02,-1.03265174e-01,-4.66606878e-02,-3.57272252e-02,-8.09841305e-02,3.11030634e-03,-5.57910427e-02,-3.64618935e-02,-5.83262034e-02,-7.13246539e-02,-5.85702024e-02,-6.72333017e-02,-5.59963323e-02,-2.35143770e-02,-3.61927971e-02,-1.72859691e-02,-6.62657917e-02,-4.38244455e-02,-8.28872994e-02,-1.50594428e-01,7.57502794e-01,7.68489242e-01,-1.82725266e-01,-5.38598336e-02,-7.09583089e-02,-7.85717815e-02,-4.36422639e-02,-5.09843454e-02,-5.26838675e-02,-8.09555724e-02,-7.28937536e-02,1.10344579e-02,-5.67285828e-02,-4.79720011e-02,-3.79517227e-02,-5.35040759e-02,-7.49742752e-03,-6.17665686e-02,-2.87309270e-02,-8.90325829e-02,-5.74179217e-02,-2.13061366e-02,6.99916994e-03,-4.45127040e-02,-7.11683780e-02,-4.88553755e-02,-4.75855730e-02,-5.69124296e-02
-5.28611615e-02,-7.16899484e-02,-7.00900778e-02,-8.70223865e-02,-3.66539359e-02,-5.64431325e-02,-8.18535909e-02,-7.24242330e-02,-4.38692272e-02,-8.86363834e-02,-5.54764941e-02,-1.71108413e-02,-4.43202779e-02,-8.45725164e-02,-1.06556736e-01,-1.00857303e-01,-4.12963293e-02,-1.09362543e-01,-6.62879571e-02,-8.21884498e-02,-1.00958012e-01,-7.42910355e-02,-7.39436150e-02,-9.91654322e-02,-4.09200229e-02,-3.53177994e-01,1.23598623e+00,1.16746508e-01,-7.20643923e-02,-7.74056166e-02,-4.68328185e-02,-5.71487881e-02,-6.00607656e-02,-2.90479343e-02,-6.05669357e-02,-6.80367649e-02,-4.97445203e-02,-5.24858385e-02,-3.76806967e-02,-4.03285250e-02,-3.46377715e-02,-4.94661480e-02,-6.84846938e-02,-3.63713410e-03,-4.13602367e-02,-5.67861348e-02,-2.31654011e-02,-6.86074868e-02,-7.50716776e-02,-5.44530600e-02,-4.92656827e-02,-6.82946816e-02,-5.65157272e-02,1.09983586e-01,1.22046864e+00,-3.48822057e-01,-5.58219701e-02,-4.53414135e-02,-4.98914570e-02,-7.03800395e-02,-1.19456328e-01,-1.05232008e-01,-8.30151066e-02,-4.02817279e-02,-1.14077456e-01,-2.33679730e-02,-3.04466970e-02,-1.07751153e-01,-8.61032605e-02,-1.02324151e-01,-3.23605910e-03,-8.34024101e-02,1.20381908e-02,-1.21437669e-01,-1.08194739e-01,-7.49451965e-02,-5.78959361e-02,-7.41407126e-02,-2.24567447e-02,-3.32523622e-02,-5.90165257e-02
-8.12868923e-02,-7.73108974e-02,-7.45484605e-02,-2.60918252e-02,-1.92430876e-02,-4.54695560e-02,-6.93057552e-02,-3.80684920e-02,-9.25015509e-02,-4.04699370e-02,-9.46750939e-02,-7.41787329e-02,-1.05010696e-01,-8.20180774e-02,-6.58749789e-02,-6.34670705e-02,-1.01999313e-01,-5.28884232e-02,-7.47961178e-02,-5.93148433e-02,-7.33721256e-02,-8.07550251e-02,-9.14783180e-02,-6.13081940e-02,-1.02013066e-01,8.87800530e-02,7.77879298e-01,-3.55169296e-01,-7.93607011e-02,-5.60514145e-02,-8.35820585e-02,-1.02630503e-01,-7.11779073e-02,-7.60152191e-02,-4.49693725e-02,-7.72872418e-02,-6.72271401e-02,-9.77494940e-02,-8.10719281e-02,-4.18342464e-02,-3.60872522e-02,-5.03613167e-02,-4.67882790e-02,-8.33788887e-02,-1.14220709e-01,-6.23248108e-02,-4.80031446e-02,-6.22008219e-02,-5.07624261e-02,-5.48686981e-02,-5.98893203e-02,-6.50396720e-02,-6.14352114e-02,-3.40581596e-01,8.08418930e-01,8.51051509e-02,-7.50693530e-02,-1.15936898e-01,-7.29994029e-02,-8.22743624e-02,-1.01120949e-01,-1.18149564e-01,-9.37574133e-02,-5.58779091e-02,-6.91635013e-02,-8.67121816e-02,-5.94985224e-02,-7.42188245e-02,-9.14285854e-02,-4.54323627e-02,-5.69632724e-02,-5.08369878e-02,-9.56595913e-02,-7.48983175e-02,-6.93516955e-02,-1.03331879e-01,-4.41335924e-02,-6.68634996e-02,-6.56994954e-02,-9.95541438e-02,-6.05510734e-02
-4.45562974e-02,-1.13867342e-01,-9.76460576e-02,-5.40602282e-02,-1.38743082e-02,-9.14323702e-02,-1.09612010e-01,-7.03235716e-02,-6.35660067e-02,-1.22084059e-02,-7.47843459e-02,-1.63645018e-02,-7.52938017e-02,-1.31185398e-01,-1.24928005e-01,-9.66287404e-02,-5.92939556e-02,-8.84383172e-02,-7.06776530e-02,-1.02828272e-01,-1.53754517e-01,-5.68163693e-02,-1.08863376e-01,-9.45855752e-02,-2.04878822e-01,7.42072523e-01,8.45845342e-02,-2.31373087e-01,-6.10484779e-02,-1.16745554e-01,-1.17064416e-01,-9.72665697e-02,-7.58710802e-02,-8.46472755e-02,-7.41792694e-02,-3.96308564e-02,-3.86886261e-02,-7.77596906e-02,-9.24552754e-02,-7.22004548e-02,-1.81377549e-02,-8.06154534e-02,-7.90259540e-02,-8.64770859e-02,-5.96335679e-02,-3.97855379e-02,-4.93949279e-02,-9.24926028e-02,-8.48247856e-02,-5.36166243e-02,-8.32092091e-02,-9.65668783e-02,-7.69185945e-02,-2.06537232e-01,6.22826852e-02,8.13928485e-01,-2.19330698e-01,-7.93974474e-02,-8.56925622e-02,-2.17302870e-02,-8.80479142e-02,4.59178584e-03,-6.10308573e-02,-9.49682742e-02,-4.61918265e-02,-6.05339557e-02,-8.07187110e-02,-7.82785937e-02,-6.14747703e-02,-6.79221600e-02,-7.35254586e-02,-8.83693248e-02,-6.50906041e-02,-5.49808256e-02,-7.41654038e-02,-4.03208658e-02,-6.86960220e-02,-6.68346733e-02,-2.54735574e-02,-6.89656436e-02,-6.68139830e-02
-8.92535225e-02,-6.82453513e-02,-4.35000844e-02,-6.67557567e-02,-1.02127537e-01,-7.71782324e-02,-8.17908570e-02,-9.30967703e-02,-6.97582439e-02,-6.72583207e-02,-7.98677132e-02,-9.36693624e-02,-1.12933777e-01,-2.24428270e-02,-5.06314524e-02,-1.10201098e-01,-3.93322818e-02,-6.81373551e-02,-1.37838766e-01,-7.23770484e-02,-7.80105814e-02,-1.09431028e-01,-9.16929096e-02,-1.21287718e-01,-3.68630052e-01,1.21193445e+00,-3.78523707e-01,-8.30942243e-02,-7.30645191e-03,-6.03997521e-02,-1.07967727e-01,-7.98079073e-02,-8.98609087e-02,-7.71562308e-02,-8.10299143e-02,-6.32168055e-02,-1.01280458e-01,-2.99430303e-02,-7.34099895e-02,-6.49709404e-02,-8.92564207e-02,-5.56883700e-02,-8.64863321e-02,-7.38286525e-02,-6.75005391e-02,-5.64005487e-02,-6.35641664e-02,-3.50701548e-02,-9.94203091e-02,-9.63169038e-02,-9.23403725e-02,-1.12634495e-01,-4.73466329e-02,-6.21608347e-02,-3.42913568e-01,1.21408451e+00,-3.77848059e-01,-5.75842522e-02,-9.95469615e-02,-1.02028809e-01,-1.32781789e-01,-8.00109580e-02,-5.67408800e-02,-9.46324766e-02,-8.03364143e-02,-7.20607936e-02,-6.26961365e-02,-1.16481028e-01,-1.22766271e-01,-8.58740658e-02,-6.39890805e-02,-4.77725528e-02,-6.47362843e-02,-6.96139261e-02,-7.89328218e-02,-6.07945472e-02,-6.53581023e-02,-1.18665723e-02,-8.14375952e-02,-1.21221744e-01,-6.59850463e-02
-7.94093609e-02,-7.41039738e-02,-5.82076386e-02,-5.24818562e-02,-9.45111737e-02,-7.72256032e-02,-7.59894773e-02,-1.01983406e-01,-6.74584955e-02,-1.26606733e-01,-9.28730220e-02,-7.96485394e-02,-9.38383266e-02,-8.32927972e-02,-5.31072803e-02,-1.13016635e-01,-1.19934209e-01,-7.93353245e-02,-7.70106390e-02,-1.68741986e-01,-6.23965412e-02,-8.67968351e-02,-1.04578391e-01,-1.77038163e-01,8.63553435e-02,8.15813482e-01,-2.54686892e-01,-1.43165216e-01,-7.90960118e-02,-7.09275007e-02,-7.51882643e-02,-4.47540246e-02,-6.14147335e-02,-7.12527409e-02,-8.33943486e-02,1.24306802e-03,-9.21829939e-02,-6.87519908e-02,-1.96535010e-02,-3.11150122e-02,-3.94978113e-02,-6.80951551e-02,-6.94802031e-02,-6.90273941e-02,-1.03339851e-01,-4.52446565e-02,-8.78764763e-02,-9.40243155e-02,-6.66198134e-02,-7.15329275e-02,-1.04225852e-01,-1.08514152e-01,-7.25052059e-02,-1.07117347e-01,-1.71597034e-01,7.34230816e-01,1.03952192e-01,-2.25293219e-01,-1.01509690e-01,-1.51471332e-01,-1.03043661e-01,-1.45051911e-01,-7.82161579e-02,-4.71384339e-02,-7.64823183e-02,-7.93076456e-02,-8.10741931e-02,-1.38959080e-01,-1.02148280e-01,-1.00554585e-01,-5.85263446e-02,-6.51517212e-02,-4.14705835e-02,-5.58502600e-02,-1.06519476e-01,-5.52335680e-02,-8.16470683e-02,-9.04874206e-02,-9.68721658e-02,-4.59402166e-02,-1.14014387e-01
-7.69906566e-02,-7.14957267e-02,-6.23283722e-02,-6.53446093e-02,-9.62697864e-02,-1.09937079e-01,-9.44187045e-02,-1.12659551e-01,-9.97849703e-02,-1.01357296e-01,-1.25324622e-01,-1.00265026e-01,-8.94317329e-02,-1.10724799e-01,-8.27673078e-02,-5.20506762e-02,-1.09954298e-01,-1.14596456e-01,-9.06742588e-02,-5.78641295e-02,-1.26752824e-01,-1.52934209e-01,-6.62407055e-02,-3.66041869e-01,8.04459691e-01,8.08521509e-02,-7.84960762e-02,-9.93195698e-02,-8.67446363e-02,-8.60755146e-02,-9.87919793e-02,-9.28538516e-02,-5.13030626e-02,-9.72297564e-02,-8.04141909e-02,-7.33842775e-02,-9.36335176e-02,-7.63347894e-02,-1.07296839e-01,-9.80659053e-02,-7.11495951e-02,-1.13900982e-01,-9.54046994e-02,-7.13653266e-02,-8.18156153e-02,-9.16432962e-02,-1.14318609e-01,-1.10478550e-01,-8.78405795e-02,-8.52963179e-02,-7.41908103e-02,-3.83195505e-02,-8.63657296e-02,-9.87012312e-02,-1.25645474e-01,1.09552749e-01,7.64126420e-01,-3.81152630e-01,-1.32727131e-01,-9.82937515e-02,-9.69035402e-02,-1.36036664e-01,-7.85874501e-02,-7.46804178e-02,-8.34260434e-02,-7.81824663e-02,-1.04558200e-01,-9.60634872e-02,-1.03182659e-01,-8.29481483e-02,-7.54652768e-02,-1.12327911e-01,-9.45651680e-02,-1.02515809e-01,-1.03063986e-01,-9.51107517e-02,-1.08900793e-01,-1.30467713e-01,-9.27045271e-02,-4.31936793e-02,-1.14568859e-01
-8.36393684e-02,-7.73678124e-02,-1.03109300e-01,-7.56639913e-02,-6.06371164e-02,-8.27297866e-02,-1.54669089e-02,-2.93547586e-02,-7.93460533e-02,-1.01517342e-01,-9.65929702e-02,-9.61110890e-02,-1.06442913e-01,-1.51353687e-01,-8.30649957e-02,-1.22875504e-01,-1.08610056e-01,-7.76777118e-02,-9.00376141e-02,-9.93317515e-02,-1.09262921e-01,-1.23301901e-01,-1.05983250e-01,9.34844688e-02,1.14157104e+00,-3.95940095e-01,-1.10402025e-01,-1.09546587e-01,-9.97260138e-02,-1.06250413e-01,-7.87833109e-02,-7.26011470e-02,-1.12816393e-01,-1.18461423e-01,-7.18379766e-02,-1.37418300e-01,-9.60368961e-02,-1.15971290e-01,-8.23044255e-02,-1.07580990e-01,-1.33618176e-01,-8.70219469e-02,-7.48227686e-02,-7.59658664e-02,-4.67766933e-02,-1.26345143e-01,-7.81730637e-02,-9.05290544e-02,-9.89863053e-02,-7.22059980e-02,-1.15950890e-01,-1.47270545e-01,-6.36431873e-02,-8.67159069e-02,-8.96544382e-02,-4.18714255e-01,1.18999863e+00,7.33545646e-02,-1.42437622e-01,-1.06437877e-01,-7.99593031e-02,-1.19524889e-01,-1.01857804e-01,-1.13593943e-01,-1.21060975e-01,-1.17274754e-01,-6.62721172e-02,-7.00562298e-02,-1.18958861e-01,-1.34572566e-01,-9.99373049e-02,-9.99907628e-02,-8.52375254e-02,-8.07349011e-02,-9.51486453e-02,-6.34629279e-02,-8.44997540e-02,-8.56694207e-02,-7.82805905e-02,-9.46442112e-02,-7.28127733e-02
-9.31332707e-02,-1.08378515e-01,-1.02391496e-01,-6.32939935e-02,-1.04889534e-01,-1.21403202e-01,-1.13684550e-01,-8.63929316e-02,-7.39245638e-02,-5.43441959e-02,-1.50350302e-01,-8.59819204e-02,-9.05078799e-02,-1.00973599e-01,-1.19070284e-01,-1.25547260e-01,-1.10529073e-01,-6.49176463e-02,-1.11802995e-01,-7.99230486e-02,-7.84640536e-02,-1.32078141e-01,-2.38027781e-01,7.43943095e-01,7.84615934e-01,-2.20247790e-01,-1.27302691e-01,-9.78096426e-02,-8.20825472e-02,-9.92262661e-02,-1.13137923e-01,-1.27645224e-01,-1.05198652e-01,-3.90609652e-02,-6.25913665e-02,-6.71512559e-02,-1.01529896e-01,-5.67200556e-02,-1.04395226e-01,-8.91549140e-02,-1.09784953e-01,-5.17325699e-02,-8.66341665e-02,-9.10432339e-02,-1.03863880e-01,-4.76185381e-02,-7.02686384e-02,-9.57639813e-02,-1.39196157e-01,-1.06716521e-01,-6.31430224e-02,-5.30288704e-02,-7.32417777e-02,-1.17738716e-01,-1.05309084e-01,-2.60277867e-01,7.49891162e-01,7.82255352e-01,-2.66700357e-01,-8.98711011e-02,-1.68478727e-01,-1.22807629e-01,-1.49830967e-01,-8.54808018e-02,-1.16518371e-01,-1.07670501e-01,-1.31477773e-01,-1.20597571e-01,-9.39728916e-02,-7.13021979e-02,-1.32734969e-01,-4.76822518e-02,-9.72334445e-02,-5.98743521e-02,-1.16272867e-01,-9.93705019e-02,-7.31847808e-02,-9.68766212e-02,-1.32791430e-01,-1.30181760e-01,-7.82949552e-02
-8.73680189e-02,-5.59529811e-02,-1.43916279e-01,-1.44145966e-01,-3.43480594e-02,-1.06482141e-01,-1.03537083e-01,-8.89598951e-02,-8.71424153e-02,-1.22923985e-01,-6.37073740e-02,-9.47914049e-02,-1.33156136e-01,-1.00662805e-01,-1.35606200e-01,-8.99961591e-02,-9.08201784e-02,-1.66524887e-01,-8.96244720e-02,-8.51724595e-02,-9.10546556e-02,-1.22973405e-01,-3.91218007e-01,1.20141983e+00,4.24896702e-02,-1.19391501e-01,-1.43289581e-01,-1.60034567e-01,-1.43821895e-01,-8.24956745e-02,-1.32840082e-01,-1.05636828e-01,-1.28979042e-01,-5.14683723e-02,-7.92182460e-02,-1.23050198e-01,-9.42373052e-02,-1.27885416e-01,-1.04492389e-01,-9.10739601e-02,-1.02105424e-01,-1.33095980e-01,-9.67177600e-02,-4.19298410e-02,-8.86794552e-02,-1.02588706e-01,-1.09818913e-01,-1.04460418e-01,-1.01726800e-01,-8.37563947e-02,-9.50234607e-02,-9.99731347e-02,-7.55062699e-02,-5.37379570e-02,-9.09110531e-02,-1.01483732e-01,7.28836358e-02,1.16131437e+00,-3.80851448e-01,-9.97161195e-02,-1.61730647e-01,-1.21524297e-01,-1.11581139e-01,-1.60981297e-01,-1.36404172e-01,-6.73462227e-02,-5.75772300e-02,-1.13772258e-01,-1.47469833e-01,-8.39604139e-02,-1.05478197e-01,-8.93338621e-02,-1.40446708e-01,-1.04586147e-01,-8.87857974e-02,-9.42156017e-02,-8.47197026e-02,-1.11561783e-01,-9.94954333e-02,-1.13344766e-01,-8.94659311e-02
-8.29324424e-02,-1.15663975e-01,-9.42293555e-02,-7.33150616e-02,-9.02124792e-02,-1.28308371e-01,-7.18849897e-02,-1.09868422e-01,-1.21601962e-01,-8.09031874e-02,-1.18994631e-01,-1.06788747e-01,-1.19277254e-01,-1.19865954e-01,-1.50292084e-01,-1.26722157e-01,-8.82204250e-02,-1.29547492e-01,-1.35567144e-01,-7.99327046e-02,-1.12666003e-01,-1.13854140e-01,6.75788224e-02,7.34043181e-01,-3.88018042e-01,-6.34763390e-02,-1.32552102e-01,-1.03377111e-01,-9.45574269e-02,-1.08566418e-01,-1.08607419e-01,-8.45004693e-02,-1.17523417e-01,-1.20830238e-01,-9.60354507e-02,-5.79419658e-02,-9.35159475e-02,-3.97880860e-02,-6.38132244e-02,-1.17383830e-01,-3.94274406e-02,-1.19819507e-01,-9.49686840e-02,-6.93739057e-02,-7.20156878e-02,-9.90633890e-02,-8.32628608e-02,-5.27166687e-02,-6.88126385e-02,-6.43172935e-02,-1.03307106e-01,-1.08566031e-01,-1.23269074e-01,-1.22442424e-01,-9.16075185e-02,-1.27370387e-01,-4.08734053e-01,7.84670055e-01,5.06604090e-02,-1.03292435e-01,-1.07443206e-01,-8.08372572e-02,-1.26108110e-01,-1.70798957e-01,-1.19425461e-01,-1.23712391e-01,-1.13481037e-01,-1.23228289e-01,-9.30486619e-02,-1.23452291e-01,-9.84739363e-02,-9.93703678e-02,-1.56904310e-01,-1.07095934e-01,-1.27795681e-01,-1.04590252e-01,-1.11179762e-01,-1.28043175e-01,-1.02141924e-01,-5.71610257e-02,-6.07336760e-02
-1.01483971e-01,-8.22512284e-02,-9.65344906e-02,-5.67155927e-02,-7.39571601e-02,-1.57979667e-01,-1.17061108e-01,-5.57349548e-02,-1.33645594e-01,-1.57146290e-01,-1.11265771e-01,-1.04515202e-01,-1.37802199e-01,-1.24011174e-01,-1.07666843e-01,-1.41144171e-01,-1.06179520e-01,-1.37626901e-01,-8.30844492e-02,-8.55235755e-02,-1.09075852e-01,-2.20824376e-01,7.47156024e-01,8.47705379e-02,-2.63472319e-01,-1.23061426e-01,-4.97230478e-02,-1.03824399e-01,-9.16110054e-02,-1.50713876e-01,-1.07006751e-01,-1.08834222e-01,-8.10033306e-02,-8.67383257e-02,-7.63953477e-02,-1.15951024e-01,-2.91062985e-02,-9.54111740e-02,-8.46160054e-02,-9.32617858e-02,-7.55179003e-02,-8.97450075e-02,-1.11085825e-01,-8.83067548e-02,-9.05233696e-02,-1.08716018e-01,-1.21505670e-01,-8.48634094e-02,-1.14510648e-01,-7.45321512e-02,-1.30040601e-01,-7.63616189e-02,-1.39943153e-01,-1.02768034e-01,-1.40681103e-01,-1.23212479e-01,-2.37455696e-01,1.25526965e-01,7.14277327e-01,-2.41898462e-01,-1.41313389e-01,-1.17166184e-01,-1.23136640e-01,-9.45372283e-02,-1.22569554e-01,-8.45357627e-02,-1.37267083e-01,-1.03636496e-01,-1.19763792e-01,-1.35580435e-01,-8.34804848e-02,-1.04600407e-01,-1.07673407e-01,-1.13508038e-01,-1.14781678e-01,-1.25639156e-01,-1.24409765e-01,-8.96082073e-02,-6.54314086e-02,-1.04247913e-01,-1.00985341e-01
-1.09083816e-01,-1.11584261e-01,-7.77389258e-02,-9.60671306e-02,-1.22294955e-01,-1.26030400e-01,-1.36427358e-01,-1.17472015e-01,-1.37590468e-01,-1.19114384e-01,-5.55867925e-02,-8.44145492e-02,-1.13975681e-01,-1.15512714e-01,-9.31841433e-02,-9.89087373e-02,-1.53414875e-01,-1.25608310e-01,-1.07004449e-01,-1.17314622e-01,-1.32394597e-01,-4.26551044e-01,1.11439514e+00,-4.15505677e-01,-8.09635371e-02,-8.21789876e-02,-1.11410789e-01,-1.28199965e-01,-1.10471249e-01,-8.14212561e-02,-1.28159419e-01,-1.39396310e-01,-8.00975189e-02,-9.34761986e-02,-7.86727518e-02,-1.40178725e-01,-9.45954621e-02,-9.37557369e-02,-9.20668915e-02,-7.09967911e-02,-1.08630747e-01,-1.01114787e-01,-6.98018372e-02,-1.11417286e-01,-1.02548577e-01,-1.29841387e-01,-1.33133456e-01,-6.81277290e-02,-9.80456248e-02,-9.70156044e-02,-1.06128715e-01,-1.25463143e-01,-1.34191483e-01,-1.16078772e-01,-1.39156133e-01,-1.41507715e-01,-9.82009843e-02,-4.07139033e-01,1.10934317e+00,-4.31688517e-01,-1.17125556e-01,-8.02034438e-02,-9.22586843e-02,-1.46490470e-01,-1.04048118e-01,-9.92186815e-02,-1.27292246e-01,-1.38683230e-01,-1.11350149e-01,-1.22782186e-01,-6.19003810e-02,-1.08166434e-01,-9.09042060e-02,-1.27176553e-01,-7.12314025e-02,-1.24592856e-01,-7.77059644e-02,-7.74944350e-02,-1.21184319e-01,-4.17787135e-02,-8.51613730e-02
-1.45525619e-01,-9.96916667e-02,-8.19388479e-02,-8.66710395e-02,-1.07626572e-01,-9.16490778e-02,-1.08633272e-01,-9.86834168e-02,-9.23718289e-02,-6.83716610e-02,-1.34735599e-01,-5.21779731e-02,-1.09291784e-01,-1.31295145e-01,-1.41503468e-01,-1.59685522e-01,-1.18577152e-01,-1.07708998e-01,-1.14510797e-01,-6.57307655e-02,-1.02673635e-01,6.86856583e-02,7.34101653e-01,-2.21182108e-01,-8.14315677e-02,-1.18829802e-01,-1.38041556e-01,-1.27532557e-01,-9.56450552e-02,-1.34284973e-01,-8.70887935e-02,-1.28483281e-01,-1.13160864e-01,-4.89754304e-02,-1.56236798e-01,-4.76408638e-02,-8.76656100e-02,-1.36270300e-01,-1.58676684e-01,-1.29782826e-01,-1.21092252e-01,-8.36675018e-02,-9.04570818e-02,-1.15105875e-01,-8.08375999e-02,-1.11348577e-01,-1.22781046e-01,-9.40420255e-02,-9.01831314e-02,-1.21451579e-01,-1.20320641e-01,-6.34823814e-02,-1.17649436e-01,-1.12227865e-01,-1.50274754e-01,-9.92934257e-02,-1.23971619e-01,-2.67575592e-01,7.82037914e-01,6.89779669e-02,-9.73206535e-02,-1.19491875e-01,-1.18288212e-01,-1.29030645e-01,-8.33020359e-02,-1.43033892e-01,-1.25466272e-01,-1.22295685e-01,-1.52392566e-01,-1.14437401e-01,-1.00471333e-01,-1.28784880e-01,-6.23553246e-02,-1.37825206e-01,-7.32179955e-02,-9.76708978e-02,-1.13026597e-01,-9.67243165e-02,-7.31051862e-02,-1.11589082e-01,-9.12718847e-02
-8.74516442e-02,-1.02999955e-01,-1.25473037e-01,-1.08507983e-01,-6.22927770e-02,-6.34012967e-02,-5.35867661e-02,-1.09981708e-01,-9.82908979e-02,-9.16766822e-02,-5.51841520e-02,-1.50713906e-01,-7.19520077e-02,-9.60015282e-02,-1.23639733e-01,-8.89974609e-02,-1.23457514e-01,-7.38897994e-02,-1.00520544e-01,-1.25474289e-01,-2.40104422e-01,7.42668927e-01,7.71750063e-02,-1.30882382e-01,-1.28641292e-01,-9.45360884e-02,-1.03280477e-01,-1.08063504e-01,-1.28262833e-01,-9.12716314e-02,-1.04337834e-01,-1.48261264e-01,-1.37911618e-01,-1.29081026e-01,-9.38472673e-02,-1.08058684e-01,-1.17588058e-01,-7.80259594e-02,-1.14915654e-01,-9.66150984e-02,-1.14763938e-01,-9.96790826e-02,-1.01522185e-01,-8.31260234e-02,-1.04632288e-01,-1.29651383e-01,-8.07801485e-02,-1.06033683e-01,-1.14229977e-01,-1.18035331e-01,-1.23889416e-01,-1.18699342e-01,-7.90602192e-02,-1.29766256e-01,-1.44331187e-01,-1.54891267e-01,-1.51893318e-01,-1.24796376e-01,3.69040295e-02,7.01686502e-01,-2.34600723e-01,-5.96933030e-02,-1.38862789e-01,-9.40483510e-02,-1.23708650e-01,-1.01480111e-01,-1.36364967e-01,-1.40054286e-01,-1.19940035e-01,-1.26239032e-01,-9.82358977e-02,-7.49252588e-02,-9.71500427e-02,-1.26005828e-01,-1.23056516e-01,-7.84437060e-02,-1.32797197e-01,-1.04451232e-01,-7.05919564e-02,-8.91779140e-02,-7.79960603e-02
-1.14847243e-01,-1.18950278e-01,-1.30795896e-01,-1.01926379e-01,-5.84097207e-02,-1.48501620e-01,-9.82590094e-02,-1.24679901e-01,-9.37596411e-02,-1.14075810e-01,-1.12935469e-01,-9.20658112e-02,-1.18965268e-01,-1.05557010e-01,-1.10028692e-01,-8.51812437e-02,-1.19608901e-01,-1.41963348e-01,-1.18870236e-01,-1.12182423e-01,-3.71134728e-01,1.16390777e+00,-4.28338677e-01,-1.00890815e-01,-9.58657190e-02,-1.36150345e-01,-1.41893268e-01,-1.00900538e-01,-1.68353230e-01,-8.58477801e-02,-1.15689740e-01,-8.73292983e-02,-1.26976982e-01,-1.26576841e-01,-1.16116866e-01,-5.43556586e-02,-1.09167032e-01,-1.09251037e-01,-1.17994666e-01,-7.44551718e-02,-4.89299595e-02,-8.95637721e-02,-3.72015536e-02,-1.05024509e-01,-1.13973200e-01,-1.18921623e-01,-1.09475814e-01,-1.02419563e-01,-6.35170639e-02,-8.74937475e-02,-6.53971657e-02,-1.05065964e-01,-7.83764347e-02,-1.12715140e-01,-1.44039765e-01,-1.10039234e-01,-9.63520408e-02,-8.50469172e-02,-4.04521674e-01,1.13011014e+00,-4.26447153e-01,-1.07807182e-01,-9.21174213e-02,-1.14273742e-01,-1.30021647e-01,-1.37364730e-01,-8.93393382e-02,-1.04032278e-01,-1.23114400e-01,-9.78578478e-02,-1.13904357e-01,-6.84914142e-02,-1.28870651e-01,-6.84619620e-02,-1.11107506e-01,-1.48551643e-01,-5.59514873e-02,-9.38853547e-02,-9.32677314e-02,-1.30972221e-01,-1.33657560e-01
-1.13652319e-01,-5.11294007e-02,-1.08490080e-01,-9.99156088e-02,-1.04954191e-01,-8.96533728e-02,-1.27753675e-01,-1.19894616e-01,-1.10014364e-01,-1.21842176e-01,-1.13049135e-01,-1.08661108e-01,-1.34682566e-01,-1.42058194e-01,-1.32218018e-01,-1.27698421e-01,-1.29633918e-01,-1.25047639e-01,-1.20823056e-01,-9.03687999e-02,5.19752614e-02,7.54591346e-01,-2.15896294e-01,-7.25476220e-02,-8.92873853e-02,-1.39840677e-01,-1.41086861e-01,-1.07238561e-01,-1.27184585e-01,-9.11784098e-02,-8.65410492e-02,-1.20972209e-01,-5.41662909e-02,-7.86807910e-02,-1.57223731e-01,-1.01646475e-01,-9.12963152e-02,-1.30599871e-01,-5.40449098e-02,-6.46899268e-02,-9.19419825e-02,-4.74138968e-02,-6.17133379e-02,-4.83614504e-02,-9.64007154e-02,-1.06808558e-01,-1.05454795e-01,-1.25965193e-01,-9.70292687e-02,-9.75984558e-02,-1.53424338e-01,-1.10679194e-01,-9.64868590e-02,-1.08459257e-01,-1.54669106e-01,-1.50331005e-01,-1.36250123e-01,-1.37180641e-01,-2.38173202e-01,7.56337166e-01,5.55370152e-02,-1.65539399e-01,-1.24733716e-01,-2.14680940e-01,-1.87483981e-01,-1.23142764e-01,-1.02237672e-01,-9.68099013e-02,-9.18310508e-02,-1.37775540e-01,-1.11038432e-01,-9.11802724e-02,-1.25523508e-01,-1.52975783e-01,-1.50742799e-01,-8.51499885e-02,-1.15129121e-01,-1.03882127e-01,-1.17610700e-01,-9.13991258e-02,-1.40910313e-01
-1.02416851e-01,-1.04744345e-01,-1.37534529e-01,-1.56788304e-01,-8.06448385e-02,-1.64455667e-01,-8.68174806e-02,-1.76738486e-01,-1.32164732e-01,-9.80430022e-02,-1.01633839e-01,-1.22996584e-01,-1.49641559e-01,-1.18002892e-01,-1.13385752e-01,-1.22492060e-01,-1.09140918e-01,-1.20884426e-01,-1.36104912e-01,-2.02035889e-01,7.72012889e-01,8.23455527e-02,-1.12120584e-01,-1.45753235e-01,-1.11587115e-01,-8.19910467e-02,-5.89845590e-02,-1.44618794e-01,-1.19376779e-01,-9.15195122e-02,-1.38273135e-01,-8.66508633e-02,-1.56897575e-01,-1.18878387e-01,-1.20760180e-01,-1.00062698e-01,-1.20898381e-01,-1.11003019e-01,-1.04829714e-01,-1.19028695e-01,-9.47653130e-02,-1.07650019e-01,-8.98360983e-02,-1.52975544e-01,-1.04797035e-01,-7.35530108e-02,-1.18350558e-01,-1.15567677e-01,-9.85488445e-02,-7.74111897e-02,-8.31629932e-02,-7.59716406e-02,-1.12357803e-01,-1.20999947e-01,-1.49082586e-01,-9.38449875e-02,-1.41698450e-01,-1.42683074e-01,-1.38219491e-01,3.08622606e-02,7.28675544e-01,-1.97570801e-01,-1.25605658e-01,-1.23028956e-01,-1.15064099e-01,-1.54228926e-01,-1.04791753e-01,-9.13784206e-02,-1.20893866e-01,-8.48746076e-02,-8.28048214e-02,-8.81462619e-02,-9.30268764e-02,-1.29682600e-01,-9.35094282e-02,-1.05125792e-01,-8.18540975e-02,-1.02376826e-01,-1.38040304e-01,-1.54472306e-01,-9.34339613e-02
-1.08311124e-01,-1.04708329e-01,-8.57646167e-02,-1.22330323e-01,-8.59138817e-02,-1.08961463e-01,-6.48576468e-02,-9.95567963e-02,-1.60058275e-01,-1.21039838e-01,-1.37156606e-01,-1.05200134e-01,-1.63042933e-01,-1.06005020e-01,-9.78107452e-02,-9.63812992e-02,-9.27336216e-02,-1.03015326e-01,-1.40034452e-01,-3.78002673e-01,1.17070460e+00,-4.33825970e-01,-1.27910838e-01,-1.02951556e-01,-1.02669321e-01,-1.25895843e-01,-8.26340467e-02,-1.06198840e-01,-1.05171382e-01,-9.80162621e-02,-1.07237786e-01,-9.82922092e-02,-1.10549487e-01,-1.06664397e-01,-1.09334305e-01,-1.04453675e-01,-1.25458315e-01,-7.54451454e-02,-1.22995473e-01,-6.40080348e-02,-8.22979361e-02,-4.40902971e-02,-5.46274520e-02,-9.40041319e-02,-9.97762978e-02,-7.30751678e-02,-1.36823878e-01,-1.07582122e-01,-1.03976145e-01,-1.23210147e-01,-1.19692162e-01,-1.28770411e-01,-1.58409670e-01,-1.16855823e-01,-8.79599452e-02,-8.85668620e-02,-1.13797508e-01,-1.16800673e-01,-8.89256895e-02,-3.52678180e-01,1.13978100e+00,-3.57881129e-01,-1.52080491e-01,-1.32545605e-01,-1.38534814e-01,-9.36687291e-02,-1.20472029e-01,-1.56991094e-01,-1.11997806e-01,-1.20291688e-01,-6.94935918e-02,-1.00901045e-01,-1.07650414e-01,-9.90379304e-02,-1.18820824e-01,-1.04203314e-01,-6.85590729e-02,-8.39596838e-02,-7.65343234e-02,-9.99629125e-02,-1.17378637e-01
-1.47302985e-01,-7.63171837e-02,-7.77848065e-02,-1.09107718e-01,-5.96550256e-02,-1.11626603e-01,-8.45347196e-02,-1.35576203e-01,-1.17191173e-01,-8.51843879e-02,-8.38743895e-02,-9.57702324e-02,-1.19031124e-01,-1.32371083e-01,-1.23666637e-01,-8.85877013e-02,-1.07503362e-01,-1.65233150e-01,-1.10793330e-01,8.88387039e-02,7.47000813e-01,-2.12050006e-01,-1.51834548e-01,-9.76940170e-02,-1.15628690e-01,-8.04882497e-02,-1.30317912e-01,-1.39304936e-01,-1.39655247e-01,-1.12688787e-01,-8.33617821e-02,-9.27903131e-02,-9.26239789e-02,-1.07323594e-01,-1.11127697e-01,-8.07166547e-02,-1.01552121e-01,-1.04278304e-01,-1.60152808e-01,-1.19285114e-01,-1.10351056e-01,-1.23323165e-01,-1.10584103e-01,-1.01419635e-01,-1.65789783e-01,-8.83939117e-02,-1.39302269e-01,-9.38589573e-02,-9.31077749e-02,-7.78354332e-02,-8.39806274e-02,-6.62038252e-02,-1.28830731e-01,-9.78663340e-02,-1.32846281e-01,-8.75643715e-02,-1.41744390e-01,-1.13461725e-01,-1.34430081e-01,-2.21659139e-01,7.62256742e-01,4.92267720e-02,-1.41040996e-01,-7.25719556e-02,-1.03249818e-01,-1.09770022e-01,-1.32810399e-01,-1.17934354e-01,-8.97698700e-02,-1.11986592e-01,-9.81547683e-02,-1.06713422e-01,-7.08445385e-02,-1.34988129e-01,-7.62451142e-02,-1.55850604e-01,-7.25357160e-02,-9.18954909e-02,-1.19865760e-01,-6.74196854e-02,-1.52683526e-01
-8.44081268e-02,-1.07966922e-01,-1.18989117e-01,-1.03126764e-01,-1.30711108e-01,-9.96620059e-02,-1.01470307e-01,-7.45765269e-02,-1.19676873e-01,-6.72426075e-02,-7.21186325e-02,-1.41696200e-01,-1.19465500e-01,-1.43436342e-01,-1.19035855e-01,-1.10194430e-01,-1.43144652e-01,-1.27860203e-01,-2.30997518e-01,8.01911175e-01,3.97270136e-02,-1.01921111e-01,-1.30340412e-01,-1.23790786e-01,-1.40666381e-01,-1.08404465e-01,-1.14351578e-01,-1.15813404e-01,-1.05513342e-01,-1.27293870e-01,-1.04672387e-01,-1.41823441e-01,-1.36422709e-01,-1.38293967e-01,-1.34639919e-01,-1.40443623e-01,-1.22153282e-01,-7.11614266e-02,-1.09941103e-01,-9.80727226e-02,-4.95414324e-02,-8.85083154e-02,-9.76643041e-02,-7.78197199e-02,-1.54635131e-01,-1.06900513e-01,-8.16061720e-02,-1.16202712e-01,-1.01665586e-01,-1.28480256e-01,-8.63219500e-02,-6.15274236e-02,-1.23088494e-01,-1.23928256e-01,-9.53149721e-02,-6.01010919e-02,-1.46939754e-01,-1.34138569e-01,-1.21145859e-01,-1.37085900e-01,4.31779996e-02,7.27490246e-01,-2.46059895e-01,-8.85430351e-02,-1.09331585e-01,-1.05562121e-01,-6.35017231e-02,-7.66499341e-02,-9.60472748e-02,-1.04554400e-01,-1.19459555e-01,-9.53796655e-02,-1.08889520e-01,-9.43385810e-02,-7.95816481e-02,-8.83869827e-02,-9.88407433e-02,-8.76293778e-02,-1.05830364e-01,-7.40069449e-02,-8.88712704e-02
-1.03026137e-01,-7.99717084e-02,-1.11017451e-01,-1.13879271e-01,-1.12622663e-01,-9.17316005e-02,-9.57834423e-02,-9.73258317e-02,-1.05742685e-01,-4.47144248e-02,-1.38937131e-01,-8.01529363e-02,-1.15690403e-01,-1.43994465e-01,-1.26322672e-01,-7.45791867e-02,-1.00312509e-01,-8.76511112e-02,-3.88569415e-01,1.12459326e+00,-3.98401797e-01,-1.29524454e-01,-1.09172650e-01,-1.12871684e-01,-8.99159312e-02,-1.01754688e-01,-1.20110482e-01,-1.07013762e-01,-1.09678738e-01,-8.88238698e-02,-1.12336338e-01,-1.25853345e-01,-1.06901370e-01,-1.21001810e-01,-6.85753375e-02,-9.18874070e-02,-1.32859111e-01,-1.06463701e-01,-9.06260684e-02,-5.39812334e-02,-1.04033142e-01,-5.16117737e-02,-1.09080136e-01,-1.13746941e-01,-1.29526436e-01,-1.22715548e-01,-7.94690773e-02,-5.72543480e-02,-8.92936513e-02,-1.32808998e-01,-1.17689453e-01,-1.11089066e-01,-9.26399454e-02,-2.20714957e-02,-1.29166082e-01,-1.52663201e-01,-7.91976675e-02,-1.32661253e-01,-1.24957383e-01,-1.28359482e-01,-3.59811813e-01,1.13815343e+00,-3.19207549e-01,-1.28751934e-01,-9.64934155e-02,-1.19101107e-01,-1.15475506e-01,-1.20488323e-01,-8.34873021e-02,-1.38843223e-01,-8.18241090e-02,-8.29363242e-02,-1.43198118e-01,-1.01759851e-01,-1.17225945e-01,-8.23307410e-02,-6.03612177e-02,-6.06448874e-02,-7.16931820e-02,-8.55810568e-02,-9.19999853e-02
-1.00149758e-01,-5.80717623e-02,-9.33756083e-02,-8.40308294e-02,-1.00062132e-01,-7.97535777e-02,-1.20285720e-01,-9.36379507e-02,-8.83902833e-02,-1.18549354e-01,-1.06874920e-01,-8.45642611e-02,-6.12814911e-02,-8.21710825e-02,-9.22262669e-02,-1.58205077e-01,-8.86557251e-02,-8.00905749e-02,1.05508894e-01,7.33623981e-01,-2.47617945e-01,-1.46281451e-01,-1.11482270e-01,-1.23898998e-01,-1.04913257e-01,-1.12568282e-01,-8.73309597e-02,-7.27392882e-02,-9.93043855e-02,-9.21084061e-02,-1.04130231e-01,-5.93027323e-02,-1.28963143e-01,-4.33479697e-02,-1.15689009e-01,-9.20337066e-02,-6.10885732e-02,-9.45590511e-02,-8.57367590e-02,-1.11415468e-01,-9.21300426e-02,-9.75019559e-02,-1.10874444e-01,-5.56372777e-02,-7.65278861e-02,-5.66638224e-02,-8.34345073e-02,-9.71969143e-02,-1.05526827e-01,-1.22005306e-01,-1.13532186e-01,-5.96533678e-02,-1.38695106e-01,-9.67200622e-02,-8.96246359e-02,-8.58517736e-02,-5.92382140e-02,-8.88774619e-02,-1.25753880e-01,-1.12718426e-01,-2.32847407e-01,6.88154221e-01,7.52353221e-02,-1.16394490e-01,-1.45089909e-01,-1.55549467e-01,-1.13977678e-01,-1.14309050e-01,-1.27539635e-01,-1.02257729e-01,-7.95532539e-02,-7.88602531e-02,-1.21761598e-01,-6.72194511e-02,-1.35606974e-01,-1.33808598e-01,-1.47458702e-01,-4.23506387e-02,-5.10431640e-02,-1.07708812e-01,-8.05168450e-02
-9.34342071e-02,-7.16789290e-02,-8.98925290e-02,-8.77095759e-02,-1.20584346e-01,-1.12929024e-01,-9.37628224e-02,-1.42899886e-01,-1.01192296e-01,-6.66843206e-02,-1.33287996e-01,-9.48578119e-02,-9.52478200e-02,-1.12617895e-01,-8.76975209e-02,-1.15705542e-01,-9.98622179e-02,-2.09348977e-01,7.82005489e-01,7.79870600e-02,-1.44068792e-01,-1.25798360e-01,-9.24897790e-02,-4.98683080e-02,-6.90498576e-02,-9.82993245e-02,-8.52779299e-02,-8.75642896e-02,-1.08419098e-01,-1.25789627e-01,-1.06706932e-01,-5.75628057e-02,-1.07895643e-01,-9.93267819e-02,-1.05890177e-01,-1.03677630e-01,-1.06110141e-01,-9.91203040e-02,-1.14694417e-01,-7.68518299e-02,-7.69433528e-02,-9.76823792e-02,-6.60230815e-02,-8.20043683e-02,-7.53941610e-02,-9.32049826e-02,-5.56538031e-02,-9.01721418e-02,-4.80975620e-02,-9.46340412e-02,-5.27934469e-02,-9.07976925e-02,-1.30592570e-01,-4.45066616e-02,-9.50636938e-02,-1.31399438e-01,-1.01164229e-01,-9.60690156e-02,-6.26062378e-02,-8.42183456e-02,-1.52529225e-01,4.77347709e-02,7.86055624e-01,-2.11228400e-01,-8.37303102e-02,-1.15383446e-01,-1.17917739e-01,-1.18347935e-01,-3.13858092e-02,-5.96984103e-02,-1.07525893e-01,-9.71447974e-02,-1.23975627e-01,-9.50717479e-02,-1.18946612e-01,-9.27367955e-02,-5.89758009e-02,-1.23553835e-01,-1.03107795e-01,-6.45210743e-02,-8.51662457e-02
-7.96544254e-02,-1.04882084e-01,-1.38908699e-01,-9.31562409e-02,-1.31491035e-01,-7.35561103e-02,-1.33816853e-01,-1.14657119e-01,-7.21028373e-02,-1.09648794e-01,-1.19102284e-01,-5.67427501e-02,-8.07146803e-02,-1.12677693e-01,-1.15900196e-01,-1.06413178e-01,-3.39549221e-02,-3.98036361e-01,1.19232368e+00,-3.60206574e-01,-1.04414560e-01,-1.22229137e-01,-7.47185647e-02,-1.11138314e-01,-8.60731602e-02,-8.10973272e-02,-9.30028036e-02,-1.01365305e-01,-1.41203687e-01,-1.15247600e-01,-1.17574170e-01,-1.25101462e-01,-8.81260261e-02,-1.00370571e-01,-6.47915304e-02,-4.93651032e-02,-1.11483656e-01,-5.32023720e-02,-1.09532237e-01,-9.72193331e-02,-7.97739625e-02,-1.22468457e-01,-9.47896391e-02,-1.25383183e-01,-1.06673107e-01,-8.53217766e-02,-9.77968127e-02,-1.51024088e-01,-1.17719404e-01,-4.45007421e-02,-7.16553330e-02,-1.02931865e-01,-8.10171068e-02,-1.41284704e-01,-1.20171182e-01,-1.28577188e-01,-1.08627178e-01,-9.04547051e-02,-1.23350687e-01,-7.43054673e-02,-5.61520904e-02,-3.44259620e-01,1.16474855e+00,-3.62749666e-01,-9.06994268e-02,-1.17993139e-01,-1.07078798e-01,-1.15816683e-01,-1.08421519e-01,-9.28480402e-02,-9.77454633e-02,-3.29933874e-02,-5.02634868e-02,-4.86077517e-02,-1.34836942e-01,-1.18708596e-01,-5.89534156e-02,-1.48302183e-01,-8.14185962e-02,-8.34184214e-02,-7.40259662e-02
-8.84344429e-02,-9.20422152e-02,-4.67670448e-02,-8.51473287e-02,-6.87597916e-02,-1.29453182e-01,9.95253865e-03,-9.37519073e-02,-1.07976124e-01,-1.57727599e-01,-6.32669181e-02,-8.72748047e-02,-1.38354212e-01,-7.60313943e-02,-1.08521245e-01,-8.70707259e-02,-8.32567438e-02,6.13140576e-02,7.26145267e-01,-2.00953856e-01,-1.53834864e-01,-5.36462963e-02,-1.11144662e-01,-1.04535192e-01,-6.23308234e-02,-1.14741839e-01,-1.47955909e-01,-1.18347973e-01,-1.08878970e-01,-1.33292511e-01,-1.12841956e-01,-8.66439268e-02,-8.66835192e-02,-1.10162988e-01,-8.67215171e-02,-1.02974951e-01,-9.68494490e-02,-3.60560641e-02,-1.07469186e-01,-8.48142877e-02,-8.72259066e-02,-4.45168391e-02,-7.08894581e-02,-5.87185919e-02,-9.12128910e-02,-7.47843087e-02,-1.37564331e-01,-6.98655024e-02,-2.83740386e-02,-8.97103921e-02,-2.36644316e-02,-4.46373634e-02,-1.24416426e-01,-1.47234738e-01,2.96475855e-03,-1.13544866e-01,-1.09203182e-01,-1.28671899e-01,-8.41852948e-02,-1.01648957e-01,-6.91222623e-02,-2.00535491e-01,7.09254444e-01,4.19566967e-02,-1.01851076e-01,-9.40262675e-02,-7.46284872e-02,-9.50719342e-02,-1.09303623e-01,-9.37976241e-02,-8.02888274e-02,-9.61557254e-02,-9.78686363e-02,-1.20320551e-01,-1.04272954e-01,-5.14594726e-02,-1.04125664e-01,-1.15447827e-01,-4.06700410e-02,-8.74372050e-02,-6.00012578e-02
-1.08623847e-01,-8.22236016e-02,-4.98616807e-02,-8.83964822e-02,-1.14625730e-01,-1.11853078e-01,-7.82803595e-02,-8.79618451e-02,-1.05505116e-01,-5.54105900e-02,-1.18784443e-01,-1.55713648e-01,-1.15268536e-01,-9.98306945e-02,-1.16469257e-01,-1.45145923e-01,-2.04813510e-01,7.22029686e-01,6.59421459e-02,-6.41485080e-02,-1.29241347e-01,-1.03031009e-01,-9.95966494e-02,-1.24558546e-01,-1.01415001e-01,-8.53794441e-02,-1.02176547e-01,-1.29283965e-01,-1.08982496e-01,-1.20341964e-01,-6.58630878e-02,-7.75404796e-02,-1.10132992e-01,-8.57912078e-02,-8.72390196e-02,-1.08667210e-01,-6.70356750e-02,-9.05851275e-02,-7.95975626e-02,-1.18218854e-01,-1.30156353e-01,-1.12673245e-01,-6.83491975e-02,-9.84828025e-02,-4.58146892e-02,-1.14617378e-01,-4.97189537e-02,-7.33620003e-02,-1.01501912e-01,-9.92583632e-02,-8.20873901e-02,-9.38004404e-02,-5.14380559e-02,-1.17563464e-01,-7.43119866e-02,-1.04913861e-01,-1.16410725e-01,-9.99422744e-02,-1.07538469e-01,-1.40947580e-01,-9.57141966e-02,-9.84208360e-02,1.12714795e-02,7.31944919e-01,-1.94469720e-01,-1.09563001e-01,-1.25998855e-01,-6.99934214e-02,-9.34105366e-02,-9.58605856e-02,-1.29692003e-01,-8.41097981e-02,-1.18205078e-01,-7.13973120e-02,-1.28835246e-01,-1.22832440e-01,-7.19198510e-02,-9.03945416e-02,-9.61206257e-02,-1.01248562e-01,-3.57044786e-02
-7.43281469e-02,-9.40513536e-02,-1.20195590e-01,-7.38920793e-02,-8.50800127e-02,-7.09974915e-02,-7.07576424e-02,-9.62721854e-02,-1.17758006e-01,-8.90421048e-02,-9.90160927e-02,-8.23971480e-02,-4.24842946e-02,-9.23288241e-02,-8.50540549e-02,-9.43964794e-02,-3.91502172e-01,1.17672896e+00,-3.70348752e-01,-1.01209469e-01,-9.54676196e-02,-1.14390619e-01,-1.11552641e-01,-1.00245252e-01,-1.06237456e-01,-1.10256277e-01,-7.80906603e-02,-1.17778420e-01,-1.30951717e-01,-9.37426761e-02,-7.95728490e-02,-9.13229063e-02,-9.48885456e-02,-1.03426136e-01,-8.92027989e-02,-2.96712182e-02,-4.39041071e-02,-4.95949052e-02,-9.66475904e-02,-8.97204056e-02,-9.62137282e-02,-4.78212386e-02,-6.92642406e-02,-8.81797969e-02,-6.99501857e-02,-1.69457067e-02,-1.04801446e-01,-4.82865684e-02,-2.09033079e-02,-6.04264364e-02,-7.73992389e-02,-9.21898410e-02,-1.09638572e-01,-3.84187065e-02,-1.09931961e-01,-6.08519763e-02,-1.04866385e-01,-8.62680227e-02,-6.70946389e-02,-1.15961760e-01,-8.41270760e-02,-2.37278827e-02,-3.71092290e-01,1.18460441e+00,-3.85246396e-01,-8.54934081e-02,-6.49632514e-02,-9.82774273e-02,-7.70808756e-02,-1.05804965e-01,-9.24631134e-02,-8.87407809e-02,-8.95000324e-02,-6.25876710e-02,-1.17614239e-01,-1.11592047e-01,-9.12557989e-02,-1.18980855e-01,-1.10892616e-01,-8.58155191e-02,-6.31683543e-02
-6.39693812e-02,-8.14822763e-02,-6.88826665e-02,-6.53455183e-02,-1.25684515e-01,-1.00728303e-01,-7.59243667e-02,-6.01143911e-02,-6.42546976e-04,-7.06309527e-02,-9.35261846e-02,-1.08396441e-01,-1.00624315e-01,-1.01513661e-01,-6.92826286e-02,-7.10540488e-02,4.42855991e-02,7.36391127e-01,-2.15036556e-01,-9.53808948e-02,-6.63711354e-02,-1.28783524e-01,-9.60864499e-02,-7.94641376e-02,-7.55988657e-02,-9.59896594e-02,-1.44696891e-01,-6.31611794e-02,-3.51253226e-02,-8.57286453e-02,-6.37823045e-02,-9.68253985e-02,-8.11609998e-02,-1.01007193e-01,-5.46907037e-02,-9.69200879e-02,-8.16985145e-02,-5.07821254e-02,-8.74209926e-02,-9.75522026e-02,-9.51993540e-02,-6.17987439e-02,-6.22274578e-02,-8.50085318e-02,-5.35650440e-02,-4.18092944e-02,-8.34271461e-02,-7.01508597e-02,-9.19586495e-02,-9.01128277e-02,-1.14784792e-01,-5.86014092e-02,-6.02644756e-02,-7.91724399e-02,-7.93232098e-02,-7.01118782e-02,-8.19093585e-02,-5.28956465e-02,-1.36838898e-01,-7.64080808e-02,-5.24900705e-02,-1.16034955e-01,-2.08857641e-01,8.17496181e-01,8.53523612e-02,-1.22798078e-01,-8.03575441e-02,-9.69932973e-02,-8.29388276e-02,-1.10785805e-01,-8.62394497e-02,-6.92327023e-02,-9.38937515e-02,-7.13408440e-02,-7.83298314e-02,-8.10879767e-02,-8.01922455e-02,-7.86049366e-02,-7.32463747e-02,-8.69207531e-02,-6.20899536e-02
-8.00627470e-02,-5.98981790e-02,-6.95921108e-02,-5.50707690e-02,-6.06526062e-02,-1.17459141e-01,-7.36050308e-02,-7.76487887e-02,-9.72004831e-02,-9.32465270e-02,-5.44237308e-02,-6.68931380e-02,-1.08687915e-01,-1.32755816e-01,-1.06271431e-01,-4.10080254e-02,7.28025913e-01,7.08248913e-02,-1.05468802e-01,-8.60822573e-02,-1.33641794e-01,-5.42486906e-02,-6.07111901e-02,-8.06533173e-02,-1.09487228e-01,-6.42071515e-02,-1.04811899e-01,-9.51498970e-02,-5.90632260e-02,-1.07561938e-01,-1.17814071e-01,7.65720196e-03,-7.78307617e-02,-5.94970845e-02,-1.23899460e-01,-9.15420204e-02,-5.82534559e-02,-9.81577709e-02,-4.57552038e-02,-9.84141901e-02,-8.85338932e-02,-7.62136877e-02,-8.36972743e-02,-8.53952840e-02,-8.20406154e-02,-6.99254870e-02,-8.71450081e-02,-1.02786377e-01,-7.54643306e-02,-6.96798116e-02,-6.31110743e-02,-1.21195398e-01,-1.23213574e-01,-9.08024982e-02,-7.10511729e-02,-1.05234422e-01,-9.28377807e-02,-1.04115985e-01,-9.77314338e-02,-8.67447406e-02,-1.33723885e-01,-4.41099554e-02,-8.61710981e-02,1.08520694e-01,7.43451774e-01,-1.03392661e-01,-8.65715370e-02,-5.80744706e-02,-1.01276435e-01,-7.27904961e-02,-4.84099090e-02,-5.77873923e-02,-4.66426425e-02,-3.77172977e-02,-1.23973317e-01,-9.61599350e-02,-6.63895756e-02,-7.81598687e-02,-4.13956791e-02,-5.78726940e-02,-5.03825322e-02
-3.96424867e-02,-4.96226996e-02,-5.99925071e-02,-7.40303472e-02,-4.51897830e-02,-4.64704037e-02,-6.31892011e-02,-8.27701688e-02,-7.58942440e-02,-5.91991656e-02,-1.11507468e-01,-9.17152464e-02,-5.48052266e-02,-1.05817050e-01,-5.55546656e-02,-1.87386900e-01,1.19962502e+00,-3.59009385e-01,-7.17476904e-02,-1.11445479e-01,-7.63496384e-02,-1.05639286e-01,-9.22200009e-02,-8.26868936e-02,-8.13779011e-02,-8.22851509e-02,-1.14573888e-01,-6.09855130e-02,-1.02644801e-01,-5.55006862e-02,-2.42419057e-02,-4.20308486e-02,-8.65000561e-02,-9.75066647e-02,-5.83293959e-02,-3.96748371e-02,-9.18739587e-02,-2.57078391e-02,-1.18658118e-01,-3.28132287e-02,-4.80060168e-02,-6.66404590e-02,-5.52473888e-02,-7.20719174e-02,-6.04564399e-02,-4.08515818e-02,-4.76675890e-02,-4.91318256e-02,-5.53389974e-02,-5.39896227e-02,-9.59514230e-02,-2.04396937e-02,-8.87059793e-02,-5.09095564e-02,-9.31368843e-02,-9.47750062e-02,-1.69081911e-01,-1.10655725e-01,-8.76916349e-02,-9.34591219e-02,-9.81682912e-02,-5.60507961e-02,-9.60336551e-02,-3.72404963e-01,1.14646459e+00,-1.94251254e-01,-1.00007743e-01,-1.00697145e-01,-7.08216801e-02,-8.19438547e-02,-6.59578815e-02,-8.77383128e-02,-1.04306653e-01,-8.47146586e-02,-6.75494075e-02,-4.94047403e-02,-4.26193476e-02,-2.64060069e-02,-5.63452579e-02,-4.68866117e-02,-5.62817045e-02
-7.38665834e-02,-7.97867775e-02,-4.20006439e-02,-6.59878254e-02,-8.28710273e-02,-1.01461269e-01,-5.90077937e-02,-5.59941493e-02,-6.70214146e-02,-1.02952518e-01,-5.46476059e-02,-8.99552852e-02,-7.39020556e-02,-7.19920844e-02,-3.31368297e-02,-3.87885958e-01,7.88999200e-01,-1.90900281e-01,-5.95601872e-02,-7.92765692e-02,-8.46286789e-02,-6.60735965e-02,-8.51832926e-02,-6.17502816e-02,-7.71695301e-02,-7.53857568e-02,-6.98945224e-02,-5.67938276e-02,-7.19683021e-02,-8.27207416e-02,-6.68303519e-02,-6.88273981e-02,-7.36807436e-02,-1.07787497e-01,-9.94646102e-02,-7.70561174e-02,-6.17343709e-02,-6.56408668e-02,-5.51386774e-02,-1.07479423e-01,-6.89319596e-02,-6.26814067e-02,-4.78266515e-02,-6.89557269e-02,-1.10550500e-01,-4.35357541e-02,-6.10179491e-02,-7.89834335e-02,-5.21597266e-02,-7.25203827e-02,-8.58558342e-02,-5.30591346e-02,-7.76057914e-02,-3.87686007e-02,-3.88569534e-02,-9.50188935e-02,-6.59835562e-02,-4.47303019e-02,-8.99253637e-02,-6.97289482e-02,-6.63064942e-02,-1.14777900e-01,-1.14548683e-01,-2.39730299e-01,7.38354743e-01,-3.31431359e-01,-3.00996862e-02,-6.02831803e-02,-8.80306661e-02,-5.98594993e-02,-3.16696912e-02,-9.16162580e-02,-1.28990456e-01,-7.16350004e-02,-5.67581579e-02,-4.21275049e-02,-4.78114933e-02,-6.04681447e-02,-1.10896245e-01,-4.01737727e-02,-6.78567067e-02
-4.21221144e-02,-4.52768579e-02,-6.20165169e-02,-1.85999088e-02,-7.27286488e-02,-6.26901016e-02,-6.33738339e-02,-6.53004497e-02,-5.05408570e-02,-7.75439218e-02,-5.51441461e-02,-5.50441146e-02,-1.20165542e-01,-1.12106234e-01,-7.16879666e-02,7.36298487e-02,7.61823282e-02,-7.30342492e-02,-7.04948232e-02,-9.01866704e-02,-8.60401839e-02,-8.95117223e-02,-7.70054609e-02,-6.76355064e-02,-8.89880434e-02,-1.02507658e-01,-9.88608450e-02,-4.65554520e-02,-2.78411601e-02,-1.10689916e-01,-8.55570287e-02,-3.89347486e-02,-1.07501283e-01,-1.27723560e-01,-5.64724021e-02,-4.42195758e-02,-6.80718794e-02,-9.61032212e-02,-7.54370019e-02,-3.18934657e-02,-6.37420565e-02,-4.66137342e-02,-7.17430115e-02,-4.17998433e-02,-2.45058890e-02,-4.33947779e-02,-6.66106269e-02,-1.47659793e-01,-6.45217150e-02,-4.25652862e-02,-8.24178606e-02,-1.86710842e-02,-8.86784047e-02,-7.13300854e-02,-6.16310500e-02,-2.13619228e-02,-8.03090334e-02,-7.71135986e-02,-2.94450298e-02,-5.87134585e-02,-5.08585796e-02,-9.07165110e-02,-1.05504587e-01,-6.48266897e-02,9.32498798e-02,1.15066752e-01,-1.17590822e-01,-1.51257992e-01,-7.03744143e-02,-6.97086453e-02,-7.14273825e-02,-6.10580668e-02,-9.44202840e-02,-1.08886369e-01,-7.70357475e-02,-5.37716486e-02,-6.80929720e-02,-5.01522906e-02,-5.17098457e-02,-5.11347055e-02,-6.39946386e-02
-7.66409636e-02,-8.61038640e-02,-8.29986408e-02,-6.90205321e-02,-3.67246345e-02,-5.02866246e-02,-8.69744718e-02,-9.86175016e-02,-2.80682202e-02,-6.47158325e-02,-6.22488633e-02,-2.03881972e-02,-1.08145028e-01,-4.05888967e-02,-1.66360632e-01,7.68677473e-01,-3.55201662e-01,-8.16794634e-02,-4.18064706e-02,-6.92005530e-02,-3.47451754e-02,-9.49511826e-02,-6.54189214e-02,-9.19672176e-02,-7.26569220e-02,-5.83569780e-02,-6.13350086e-02,-8.48326236e-02,-1.00475274e-01,-5.80616109e-02,-4.65243533e-02,-4.95864600e-02,-9.24308002e-02,-3.97383086e-02,-4.92674336e-02,-1.56824458e-02,-6.00955077e-02,-1.03850685e-01,-3.37322168e-02,-3.28462683e-02,-3.72040011e-02,-4.01383564e-02,-3.05410810e-02,-8.69662017e-02,-4.54478152e-02,-5.81498444e-02,-6.18904270e-02,-7.22574070e-02,-1.63065002e-03,-1.02696106e-01,-1.04645267e-01,-5.05314916e-02,-7.67432079e-02,-9.93960723e-02,-8.88497382e-02,-7.66773149e-02,-5.35499416e-02,-6.04720600e-02,-7.13039190e-02,-1.22886620e-01,-4.09868211e-02,-1.13111429e-01,-9.30107012e-02,-1.18273571e-01,-3.74284267e-01,8.42694223e-01,-2.01480135e-01,-9.64056477e-02,-8.43597949e-02,-3.63405831e-02,-7.82410279e-02,-7.02007636e-02,-5.23527563e-02,-7.95640722e-02,-7.18008205e-02,-8.35414976e-02,-4.03388999e-02,-6.28004298e-02,-6.40465021e-02,-1.04078036e-02,-5.89142181e-02
-4.31943648e-02,-5.31528443e-02,-3.69884111e-02,-5.30235283e-02,-5.41365668e-02,-6.08860850e-02,-3.49823423e-02,-7.63404071e-02,-7.37574995e-02,-4.21088822e-02,-5.57681620e-02,-6.97819889e-02,-8.04814845e-02,-3.46176736e-02,-3.92873794e-01,1.23250496e+00,-1.59228265e-01,-3.54478620e-02,-5.13514988e-02,-9.59516317e-02,-1.05316207e-01,-8.58547390e-02,-3.92357297e-02,-5.33450544e-02,-6.30718395e-02,-5.73289804e-02,-9.01645124e-02,-5.66361398e-02,-9.18385759e-02,-8.43518451e-02,-8.43352824e-02,-6.33160174e-02,-4.65190411e-02,-4.10055816e-02,-5.27448431e-02,-1.95765067e-02,-6.48393705e-02,-6.81084245e-02,-3.01534180e-02,-4.32382636e-02,-1.04322955e-01,-5.15280738e-02,-3.16208899e-02,-4.64799553e-02,-6.31553680e-02,-7.42313266e-02,-7.30973333e-02,-5.49382940e-02,-1.43111482e-01,-6.08995967e-02,-2.26999205e-02,-8.86470899e-02,-1.73539072e-02,-1.10952884e-01,-6.78904355e-02,-1.02034695e-01,-1.08959116e-01,-4.42422964e-02,-7.61760175e-02,-7.43047893e-02,-9.43260491e-02,-6.05469905e-02,-1.10453092e-01,-8.03490058e-02,-1.88277021e-01,1.20188928e+00,-3.69612366e-01,-3.70158590e-02,-8.52516964e-02,-7.40833357e-02,-7.97636881e-02,-7.07650483e-02,-7.20025748e-02,2.76388740e-03,-7.16887638e-02,-7.09589645e-02,-7.05982000e-02,-8.16458240e-02,-5.82130961e-02,-5.55112697e-02,-6.93517625e-02
-4.49111126e-02,-9.89377126e-02,-1.30474558e-02,-5.30585507e-03,-1.05508819e-01,-6.36910275e-02,-5.73016331e-02,-4.18241695e-02,-2.96620792e-03,-7.47359022e-02,-5.13868965e-02,-9.14998427e-02,-6.69424832e-02,-6.11231551e-02,1.11521117e-01,7.51006365e-01,-6.42920732e-02,-1.18756287e-01,-7.77160972e-02,-6.78089783e-02,-9.86513868e-02,-4.17900160e-02,-9.38588381e-02,-7.23716021e-02,-5.89700900e-02,-6.06035963e-02,-7.39811510e-02,-4.84070368e-02,-6.70454428e-02,-7.37353861e-02,-7.03011826e-02,-5.81430718e-02,-8.43892545e-02,-6.50719851e-02,-7.41680935e-02,-3.07448506e-02,-6.98773786e-02,-3.81105468e-02,-2.85091065e-02,-6.39189705e-02,-9.18231606e-02,-4.35409695e-02,-4.27468196e-02,-7.10096061e-02,-1.87217873e-02,-6.37140200e-02,-3.42203341e-02,-7.90211782e-02,-5.62359579e-02,-6.69812784e-02,-3.70836891e-02,-4.85412925e-02,-1.39137916e-02,-9.46127474e-02,-5.52459918e-02,-6.22357577e-02,-3.79406363e-02,-7.60810524e-02,-9.46158469e-02,-2.91259848e-02,-8.58743116e-02,-6.48698583e-02,-6.37444332e-02,-2.94534490e-02,-5.25686517e-02,7.75576293e-01,1.13706052e-01,-7.63859972e-02,-9.55825225e-02,-8.99637863e-02,-7.55557418e-02,-4.25304361e-02,-5.84487505e-02,-4.90814820e-02,-8.76424238e-02,-7.23607987e-02,-1.49179501e-02,-5.37347011e-02,-7.02407509e-02,-7.78881237e-02,-2.61115953e-02
-9.04035717e-02,-8.62029344e-02,-3.67395692e-02,-1.26583874e-02,4.99940990e-03,-7.80304298e-02,-6.86246753e-02,-4.73405682e-02,-4.63068262e-02,-6.67543486e-02,-8.10255036e-02,-5.04691601e-02,-8.88272896e-02,-1.60797521e-01,7.83290029e-01,8.20404291e-02,-5.75855002e-02,-8.38169605e-02,-9.89715979e-02,-4.84078005e-02,-7.03128129e-02,-7.96900839e-02,-8.50016549e-02,-9.55506712e-02,-1.03047028e-01,-2.74091270e-02,-6.83807358e-02,-5.94460405e-02,-7.17781931e-02,-1.44472122e-02,-7.55522698e-02,-5.92858307e-02,-7.72133097e-02,-7.41343647e-02,-4.42687459e-02,-1.39052253e-02,-5.59347533e-02,-5.78420013e-02,-6.18629046e-02,-7.03277439e-02,-6.27535805e-02,-1.43364863e-02,-4.68450971e-02,-3.50996256e-02,-7.04796836e-02,-4.40752283e-02,-3.14661749e-02,-7.88576230e-02,-4.59632613e-02,-6.77223578e-02,-3.01817637e-02,-6.64558709e-02,-5.01405783e-02,-6.97276145e-02,-8.84768143e-02,-5.94389513e-02,-9.62833464e-02,-3.33538949e-02,-7.00777173e-02,-8.26878920e-02,-6.42047748e-02,-9.08322632e-02,-9.02317017e-02,-6.14076555e-02,-3.39050516e-02,1.43252045e-01,7.69097805e-01,-2.08384976e-01,-9.58952531e-02,-8.22419748e-02,-1.10062286e-01,-6.09941594e-02,-1.01518199e-01,-5.50224930e-02,-5.47369868e-02,-1.21502206e-02,-6.57176226e-02,-4.04386595e-03,-4.79746833e-02,-7.41215572e-02,-3.79127413e-02
-5.17791808e-02,-2.11510211e-02,-4.01637778e-02,-9.26212780e-03,-6.69018626e-02,-6.28113970e-02,-2.34312210e-02,-6.88983500e-02,-5.12101911e-02,-6.32034391e-02,-4.40129861e-02,-4.26660255e-02,-3.94672900e-02,-3.32847655e-01,1.20272923e+00,-3.63990009e-01,-6.87154979e-02,-2.92288102e-02,-5.98484501e-02,-4.24329676e-02,-7.38160983e-02,-7.90427774e-02,-5.01658469e-02,-2.30922010e-02,-6.24616779e-02,-7.09182918e-02,-8.45782980e-02,-2.94695254e-02,-8.26535448e-02,-9.97364148e-02,-5.49094267e-02,-7.57186115e-02,-5.13620116e-02,-2.36435961e-02,5.57900546e-03,-5.71297109e-02,-1.02830343e-01,-5.30819371e-02,-2.27914788e-02,-7.82922655e-02,-3.56507814e-03,-7.72244185e-02,-7.39519596e-02,-5.15681840e-02,-4.33558747e-02,-7.43952245e-02,-8.64478722e-02,-3.93799357e-02,-7.36270249e-02,-5.29236533e-02,-3.26500051e-02,-4.03242707e-02,-8.04416090e-02,-5.42413332e-02,-6.31551072e-02,-4.81124148e-02,-9.96618122e-02,-9.53986719e-02,-2.82904580e-02,-3.61567996e-02,-7.83438385e-02,-9.03138444e-02,-1.00015648e-01,-8.16972107e-02,-2.65664272e-02,-3.72542709e-01,1.23249352e+00,-3.50553125e-01,-3.75381149e-02,-7.69103244e-02,-6.69664368e-02,-5.35956547e-02,-5.06310835e-02,-5.18242605e-02,-1.00538559e-01,-1.65988263e-02,-1.86876934e-02,-7.86001533e-02,-5.89403510e-02,-7.28111193e-02,-6.37633204e-02
-9.71635282e-02,-4.94311154e-02,-5.02945557e-02,-6.03554584e-02,-1.09671429e-01,-4.97573391e-02,-5.32156676e-02,-6.47103563e-02,-6.29730150e-02,-3.04894093e-02,-7.85077661e-02,-7.86054134e-02,-3.59690636e-02,9.03929919e-02,8.02643418e-01,-2.11420387e-01,-2.04315148e-02,-8.49190950e-02,-8.26173127e-02,-3.42111132e-04,-1.56423002e-02,-5.11784479e-02,-7.25501180e-02,-5.93301654e-02,-7.70808607e-02,-5.66882454e-02,-7.30937719e-02,-5.79987392e-02,-1.15416177e-01,-2.10277233e-02,-5.69204651e-02,-3.69065292e-02,-6.02380112e-02,-5.47235534e-02,-2.79212929e-02,-4.39000800e-02,-4.24811989e-02,-7.31660649e-02,-1.54159963e-02,-3.53141017e-02,-3.20736058e-02,-5.06695434e-02,-7.28597939e-02,-3.95290740e-03,-7.97664747e-02,-3.65695544e-02,-7.08382279e-02,-3.62999961e-02,-5.73739111e-02,-7.93093517e-02,-3.69010456e-02,-4.17128466e-02,-6.43134266e-02,-1.01972200e-01,-8.97615030e-02,-1.62564572e-02,-8.29080343e-02,-9.43193510e-02,-8.26234370e-02,-8.02679062e-02,-7.70234987e-02,-1.17201127e-01,-9.08467397e-02,-8.67412910e-02,-7.87268355e-02,-1.74231321e-01,8.30180824e-01,1.47377387e-01,-3.35497223e-02,-4.74044234e-02,-6.06144406e-02,-7.72997439e-02,-5.58831207e-02,-7.73810446e-02,-4.23562080e-02,-9.93248820e-02,-2.88652591e-02,-4.05276120e-02,-3.03255692e-02,-1.79076064e-02,-5.66705242e-02
-7.66367987e-02,-8.50885212e-02,-1.02353238e-01,-8.18009749e-02,-3.24521773e-02,-4.30163294e-02,-3.63243520e-02,-3.72020006e-02,-3.41415592e-02,-9.35936421e-02,-4.90146503e-02,-7.15156570e-02,-2.12008670e-01,8.41407359e-01,9.28136408e-02,-2.44383216e-02,-3.46956216e-02,-5.46870641e-02,-5.20270020e-02,-7.96697587e-02,-6.08778708e-02,-4.91186008e-02,-1.14425287e-01,-5.67239672e-02,-6.40764460e-02,-5.63386939e-02,-6.78276569e-02,-4.82328944e-02,-5.71292788e-02,-4.82943058e-02,-1.82920676e-02,-6.25987425e-02,-4.63059172e-02,-9.48623419e-02,-5.10761924e-02,-4.85404730e-02,-3.22752856e-02,-1.86594669e-02,-7.81966969e-02,-4.62793782e-02,-1.69559903e-02,-6.86213300e-02,-2.35246122e-02,-5.44109084e-02,-5.90784848e-03,-8.48252550e-02,-4.44604941e-02,-7.18994588e-02,-4.86858040e-02,-3.58606502e-02,-2.55497284e-02,-5.85819297e-02,-4.86671627e-02,-4.37641554e-02,-9.05258656e-02,-7.27699175e-02,-1.14274979e-01,-9.41647738e-02,-5.82668521e-02,-5.51230721e-02,-6.97279572e-02,-6.41075745e-02,-7.02631101e-02,-7.10107386e-02,-5.75482510e-02,-5.12969345e-02,1.06382504e-01,8.21991801e-01,-1.82641953e-01,-9.17224362e-02,-2.79627778e-02,-7.37924129e-02,-6.43029734e-02,-4.00857404e-02,-2.19004359e-02,-1.75674092e-02,-4.10618186e-02,-4.88192029e-02,-8.03305954e-02,-3.70250344e-02,-5.57419322e-02
-9.17190313e-02,-1.09717257e-01,-4.10572663e-02,-5.88530079e-02,-4.68405820e-02,-5.19867912e-02,-2.12445818e-02,-4.84853983e-02,-4.18570042e-02,-5.26245721e-02,-6.69105053e-02,-8.72263685e-02,-3.04780006e-01,1.24566531e+00,-2.81383991e-01,-6.52379394e-02,-4.65642698e-02,-9.65155065e-02,-6.10714816e-02,-8.16193894e-02,-7.67451748e-02,-5.75132333e-02,-8.58632624e-02,-4.53932136e-02,-2.35684477e-02,-4.48709689e-02,-8.42390135e-02,-9.25375298e-02,-8.54517519e-02,-3.71184312e-02,-3.99220809e-02,-3.62145267e-02,-7.55185634e-02,-1.78369805e-02,-1.34055512e-02,-4.35112976e-02,-5.96180968e-02,-3.67663242e-02,-3.66219059e-02,-2.20254585e-02,-3.74047793e-02,-3.57303210e-02,-4.74629998e-02,-8.56451169e-02,-8.09477791e-02,-2.05690321e-02,-5.81971668e-02,-3.66046876e-02,-3.75803038e-02,-1.31812617e-02,-4.23134305e-02,-7.94479176e-02,-5.01336493e-02,-7.34523237e-02,-9.14393514e-02,-6.75225109e-02,-2.25652717e-02,-4.63945642e-02,-7.96550438e-02,-4.55698110e-02,-9.67014283e-02,-8.97939503e-02,-7.30682462e-02,-3.64391357e-02,-9.54378471e-02,-4.46333736e-02,-3.05811495e-01,1.27565634e+00,-3.47061843e-01,-9.26413015e-02,-6.97700828e-02,-4.74477857e-02,-2.90892515e-02,-7.70496503e-02,-4.77517396e-03,-4.93131839e-02,-3.44943441e-02,-2.84807477e-02,-6.36644885e-02,-3.08959465e-02,5.93586313e-03
-3.02829612e-02,-2.81865411e-02,-4.17815745e-02,-7.03238323e-02,-3.48093100e-02,-5.66467121e-02,-9.18145254e-02,-7.35948831e-02,-1.09071754e-01,-5.28651625e-02,-4.63563353e-02,-3.52779254e-02,2.62563735e-01,9.51980531e-01,-8.61017182e-02,-7.94758275e-03,-2.68766843e-03,-2.19236072e-02,2.35056924e-03,-1.53918294e-02,-4.39320803e-02,-3.02108787e-02,-8.51083994e-02,-4.76703681e-02,-9.28478986e-02,-2.17808615e-02,-4.92395498e-02,-4.65650596e-02,-2.72208955e-02,-5.01648188e-02,-4.17810865e-02,-4.51470502e-02,-5.92876822e-02,-7.69541189e-02,-6.16108030e-02,-6.81343228e-02,-5.43099120e-02,-3.75870913e-02,-1.65993031e-02,-4.84062545e-02,-5.82989864e-02,-9.50096697e-02,-2.86586508e-02,-6.34710789e-02,-1.81594696e-02,-1.02291398e-01,-5.05462661e-02,-5.20735495e-02,-3.96444350e-02,-4.84599657e-02,-1.77779924e-02,-6.51675016e-02,-6.96732700e-02,-8.37004259e-02,-6.45365641e-02,-3.53202485e-02,-6.05973899e-02,-1.03924520e-01,-4.60954159e-02,-7.86049217e-02,-3.99562269e-02,-5.06269857e-02,-1.50854532e-02,-6.97420090e-02,-8.37641731e-02,-4.23298553e-02,-1.40830830e-01,8.23111832e-01,1.28850400e-01,-6.73182011e-02,-6.53708503e-02,-7.64936209e-02,-3.19569521e-02,-5.29750139e-02,-5.88995069e-02,-3.22219282e-02,-6.94794506e-02,-6.90004155e-02,-3.73994708e-02,9.76986345e-03,-3.43588851e-02
-6.06186278e-02,-5.43952221e-03,-3.64267863e-02,-5.42857572e-02,1.05317573e-04,-1.10316746e-01,-1.83922891e-02,-2.31686160e-02,4.87136189e-03,-3.31462100e-02,-5.92832342e-02,-1.83222294e-01,1.03783894e+00,3.76124978e-01,1.98933586e-01,8.46775025e-02,7.34964237e-02,3.52212191e-02,8.71387497e-02,1.02499202e-02,-2.18068324e-02,-2.46585328e-02,2.24914420e-02,-1.43970700e-03,-4.68685143e-02,-6.29455522e-02,-4.68178876e-02,-9.58449841e-02,-2.52702013e-02,-2.45885067e-02,-8.58374406e-03,-3.01546771e-02,-4.37400155e-02,-5.28361835e-02,-1.15641311e-01,-7.05170184e-02,-3.96442413e-02,-1.45026939e-02,-2.53064539e-02,-7.31337145e-02,-5.99093623e-02,-4.61882688e-02,-5.01326844e-02,-1.54413814e-02,-7.81276822e-02,-2.01652721e-02,-3.92807089e-02,-4.53467555e-02,-6.30404502e-02,-4.37008627e-02,-4.10118625e-02,-2.23198943e-02,-4.10019867e-02,-5.07271439e-02,-9.22905356e-02,-3.75193842e-02,-5.26023284e-02,-7.27894902e-02,-9.50129926e-02,-7.35018030e-02,-7.72441700e-02,-4.10212763e-02,-3.29118520e-02,-6.05046190e-02,-7.25477859e-02,-3.70875597e-02,-5.47547229e-02,1.36295795e-01,8.31488788e-01,-1.93585694e-01,-6.13508150e-02,-5.07086255e-02,-6.38184175e-02,-3.81274410e-02,-5.13983220e-02,-7.04156756e-02,-7.44726211e-02,-1.07189817e-02,-3.46883610e-02,-6.83608651e-02,-4.26171683e-02
-7.55582377e-02,-3.85417603e-02,-4.26027626e-02,-6.50440678e-02,-4.12414446e-02,-5.61884157e-02,-7.87023231e-02,-7.72224367e-02,-8.41506049e-02,-3.18705551e-02,-1.09361269e-01,-3.00166667e-01,1.54249108e+00,-6.53589815e-02,2.77531564e-01,1.77042902e-01,1.60523787e-01,1.58338264e-01,1.40588388e-01,8.10283795e-02,4.92860526e-02,8.11493695e-02,6.56967610e-02,-1.46713220e-02,-6.54452145e-02,-5.59295341e-02,8.66349414e-03,-5.88652119e-02,-2.35178843e-02,-1.82572957e-02,-4.99297082e-02,-5.15184402e-02,-2.55161505e-02,-6.14542626e-02,-1.76645033e-02,-7.73776621e-02,-5.60170859e-02,-6.75209612e-02,-6.00264706e-02,-4.22551297e-02,-4.75657918e-02,-8.63811225e-02,-4.38008346e-02,-5.40722385e-02,-6.22731335e-02,-5.42768277e-02,-1.70290917e-02,-7.54532292e-02,-3.90894115e-02,-2.58483691e-03,-5.68848774e-02,-6.75928742e-02,-2.20813360e-02,-4.94198017e-02,-1.49524271e-01,-4.25775051e-02,-4.90377136e-02,-6.43385947e-02,-6.30691424e-02,-8.66492465e-02,-8.92867148e-02,-5.57054244e-02,-1.05592109e-01,-3.65912244e-02,-4.72195097e-05,-5.20336106e-02,-6.16937727e-02,-3.41434658e-01,1.20845449e+00,-3.72368842e-01,-4.21867147e-02,-3.75746042e-02,-4.98936363e-02,-8.14808235e-02,-4.65492606e-02,5.89641568e-04,-6.55507743e-02,-8.13335180e-02,-3.42160873e-02,-6.02300614e-02,-1.03490353e-01
-2.27926839e-02,-5.74130639e-02,-4.25976403e-02,-6.12199046e-02,-4.79996726e-02,-4.99477871e-02,-3.77632976e-02,-9.80658978e-02,-6.88128620e-02,-8.29728469e-02,-5.55837825e-02,8.61528143e-02,1.01862872e+00,4.57559377e-02,1.44240409e-01,2.87092149e-01,2.54150361e-01,2.39621297e-01,2.55011946e-01,1.59626603e-01,1.29843816e-01,1.20468967e-01,2.04012692e-01,-1.22904102e-03,3.52005921e-02,7.98964053e-02,5.29883914e-02,-4.92106797e-03,-5.76463249e-03,-1.82654131e-02,1.16497632e-02,-4.73928377e-02,-6.63196966e-02,-5.72111346e-02,-5.36999293e-02,-4.44196388e-02,-6.64217547e-02,-6.30505681e-02,4.25477140e-03,-8.12148154e-02,-6.09575398e-02,-4.24753539e-02,-6.04279526e-02,-5.20718955e-02,-5.74171580e-02,-6.70162439e-02,-7.26649016e-02,-5.89515418e-02,-7.10037425e-02,-8.87072980e-02,-7.42581636e-02,-9.72091854e-02,-3.38121019e-02,-1.46637941e-02,-9.19014513e-02,-5.61906844e-02,-7.10652471e-02,-1.57479085e-02,-5.78412674e-02,-7.22190142e-02,-6.98538497e-02,-2.24218462e-02,-4.88428213e-02,-8.17020983e-02,-7.16959834e-02,-4.46953624e-02,-4.96244356e-02,-1.98520049e-01,8.00182521e-01,1.35705292e-01,-8.71816576e-02,-8.06234330e-02,-5.86386919e-02,-6.52478337e-02,-4.31504920e-02,-6.09062128e-02,-5.72250076e-02,-4.73666191e-02,-2.41989661e-02,-3.50793153e-02,-6.45800754e-02
-6.18775375e-02,-5.14133945e-02,-2.57458668e-02,-6.80416301e-02,-1.27356229e-02,-4.72702570e-02,-7.03577474e-02,-2.87930705e-02,-1.08388267e-01,-2.08327770e-02,-5.17413132e-02,7.94874609e-01,2.78706789e-01,9.03740525e-02,5.96993864e-02,1.36861727e-01,1.43609792e-01,1.95930585e-01,1.53990999e-01,2.40111381e-01,1.97121829e-01,2.38521188e-01,2.32521266e-01,1.55896544e-01,1.80113003e-01,1.47741333e-01,1.50272936e-01,1.04694523e-01,5.55789508e-02,7.24731684e-02,9.28945914e-02,-4.30875272e-02,-6.08216338e-02,-1.66863727e-03,-3.58114466e-02,-6.51932210e-02,-7.73842186e-02,-5.94184920e-02,-3.42336968e-02,-3.93583030e-02,-3.32927853e-02,-7.84786344e-02,-5.10320514e-02,-8.60338882e-02,-4.15546522e-02,-6.90065399e-02,-5.78807332e-02,-3.39634679e-02,-4.58682291e-02,-5.02395816e-02,-5.20728603e-02,-3.47500145e-02,-3.36505696e-02,-3.96575406e-03,-4.50165607e-02,-7.52913803e-02,-6.07318692e-02,-2.09088400e-02,-9.98565629e-02,-6.11331575e-02,-1.02561437e-01,-5.19617610e-02,-7.59999454e-02,-8.10577124e-02,-9.71916988e-02,-9.98588800e-02,-4.42533828e-02,-2.82676723e-02,1.08758770e-01,7.88172007e-01,-3.93364159e-03,-8.80843773e-02,-6.26809895e-02,-8.29706788e-02,-8.18348378e-02,-4.05261405e-02,-3.55821028e-02,-2.01625228e-02,-4.70064804e-02,-4.38338630e-02,7.10084476e-03
-5.74149974e-02,-1.03186570e-01,-6.12945408e-02,-4.46418151e-02,-8.65977816e-03,-6.55100420e-02,-9.15969461e-02,-6.35702610e-02,-8.84974673e-02,-6.48446530e-02,-2.03023180e-01,1.24450040e+00,-2.87990451e-01,-7.36290356e-03,3.09040174e-02,8.87493119e-02,1.83890257e-02,7.33947307e-02,6.30886927e-02,1.82227954e-01,1.34213731e-01,1.24608867e-01,1.47810876e-01,2.36694023e-01,2.34883606e-01,2.11125582e-01,2.50839174e-01,1.45491362e-01,1.81092247e-01,1.74782649e-01,2.01392591e-01,1.04068764e-01,5.40897362e-02,6.48547038e-02,6.21374659e-02,-3.20061147e-02,-3.39621119e-02,-1.24710528e-02,-2.09261309e-02,-4.88692746e-02,-4.83257920e-02,-2.93302014e-02,-6.37227297e-02,-5.92693761e-02,-6.66775033e-02,-4.10657972e-02,-2.83664837e-02,-7.49673098e-02,-6.11156635e-02,-6.96023405e-02,-7.21064135e-02,-7.65030235e-02,-6.43014386e-02,-8.26294869e-02,-9.81359705e-02,-3.14297713e-02,-1.09655760e-01,-5.20995520e-02,-7.33735636e-02,-1.01913705e-01,-6.76439553e-02,-7.48880431e-02,-6.18454702e-02,-7.67529756e-02,-4.11229953e-02,-7.38807693e-02,-3.71428095e-02,-4.61050682e-02,-3.59896958e-01,1.23487937e+00,-1.81138411e-01,-1.91164874e-02,-1.46816084e-02,-6.62361532e-02,-3.53957377e-02,-6.91126063e-02,-6.20762631e-02,-6.84897378e-02,-1.18895106e-01,-6.13154545e-02,-3.50129977e-02
-4.00884189e-02,-2.93332636e-02,-8.22493285e-02,-3.36966440e-02,-5.72364926e-02,-6.50689676e-02,-5.51367737e-02,-5.19278161e-02,-3.36586311e-02,-7.50371814e-02,-3.76503974e-01,7.66711593e-01,-1.67988539e-01,-5.59496321e-02,-6.21496439e-02,-2.46016234e-02,-3.57546024e-02,-4.43523824e-02,-3.62342559e-02,5.06852530e-02,7.62606710e-02,9.99524593e-02,3.23528424e-02,1.54871404e-01,1.37088120e-01,1.90772191e-01,1.70462221e-01,2.22000957e-01,2.60159671e-01,2.35310331e-01,2.78161138e-01,1.64016426e-01,1.51953325e-01,1.72898352e-01,1.58542335e-01,6.49446547e-02,9.70079005e-02,1.06863812e-01,9.86330286e-02,-4.89174528e-03,-1.54571449e-02,2.38845753e-03,1.13097560e-02,-7.14120641e-02,-5.40883169e-02,-3.03138476e-02,-5.99979535e-02,-4.19400670e-02,-4.67683673e-02,-2.47276500e-02,-4.86797243e-02,-1.39109734e-02,-4.96637970e-02,-4.14569713e-02,-7.48736560e-02,-5.06531075e-02,-6.56994507e-02,-9.06016827e-02,-3.65751088e-02,-7.09000528e-02,-7.56502226e-02,-6.23097606e-02,-7.83192366e-02,-6.38481826e-02,-5.79070188e-02,-6.02715574e-02,-8.94275829e-02,-3.20560448e-02,-1.86035812e-01,7.98179567e-01,-3.51359874e-01,-3.89047116e-02,-2.63222288e-02,-4.26825508e-02,-2.72963252e-02,-5.23088127e-02,-3.15280333e-02,-1.02476910e-01,-3.21035162e-02,-2.26094928e-02,-2.40857322e-02
-6.00992925e-02,-2.32944489e-02,-6.70973659e-02,-7.26663768e-02,-4.34065200e-02,-6.25359640e-02,-5.81848063e-02,-7.70033747e-02,-1.73897445e-02,-9.01907459e-02,1.21571571e-01,1.52595401e-01,-9.36082304e-02,-6.21415116e-02,-7.24723712e-02,-3.83722670e-02,-3.98465432e-02,-9.02701765e-02,-6.78899065e-02,-7.09737912e-02,9.04659391e-04,-5.06478064e-02,-7.94601887e-02,5.40178046e-02,6.91823736e-02,9.47388783e-02,7.83181563e-02,1.27658561e-01,1.73385486e-01,1.82097554e-01,1.96424991e-01,2.50932127e-01,2.66670913e-01,2.19174564e-01,2.92481571e-01,1.89788237e-01,1.62655666e-01,1.49955601e-01,2.05753639e-01,6.43365756e-02,1.91513002e-02,1.48409570e-03,7.81242251e-02,-1.52455820e-02,-1.87618025e-02,1.59143843e-02,-1.31398197e-02,-5.47683761e-02,-6.03503361e-02,-8.07938427e-02,-9.36220586e-02,-2.80989539e-02,-7.52522126e-02,-7.60451779e-02,-9.92442518e-02,-6.05376251e-02,-8.77148807e-02,-7.78861940e-02,-2.04823855e-02,-7.53367618e-02,-6.54006675e-02,-5.82444742e-02,-8.59988257e-02,-5.79801314e-02,-7.56108314e-02,-9.18867663e-02,-5.12647666e-02,-1.17880665e-01,-2.03092992e-02,1.10187866e-01,1.38645172e-01,-5.44892997e-02,-9.42882746e-02,-4.58965972e-02,-7.78761953e-02,-4.37077470e-02,-1.97294392e-02,-6.12980984e-02,-7.71866813e-02,-4.16933894e-02,-3.13661136e-02
-6.83709681e-02,-4.03651744e-02,-6.04802258e-02,-8.66659209e-02,-3.21429111e-02,-4.14126590e-02,-4.24744226e-02,-4.57744226e-02,-4.88803349e-02,-1.88761368e-01,7.87707090e-01,-3.29547405e-01,-3.30774896e-02,-8.10149685e-02,-6.31683767e-02,-5.88345677e-02,-3.54899354e-02,-8.82348195e-02,-7.95056894e-02,-6.72155917e-02,-1.03226915e-01,-9.30367261e-02,-9.66131464e-02,-2.72332467e-02,-8.34707636e-03,-9.83284041e-03,-3.99016626e-02,5.72707243e-02,7.94574320e-02,1.08701512e-01,6.38855100e-02,1.54311389e-01,1.53477058e-01,1.45363748e-01,1.84032246e-01,2.34671071e-01,2.24826500e-01,2.71394044e-01,2.38608629e-01,1.92635760e-01,1.39139369e-01,1.37386248e-01,1.74386308e-01,8.57327282e-02,5.77880293e-02,6.05382025e-02,5.50750457e-02,1.45052215e-02,-2.20771655e-02,-2.62668021e-02,-1.68099627e-02,-3.71940695e-02,-3.18435244e-02,-1.12627290e-01,-5.26562035e-02,-6.29365295e-02,-6.04198575e-02,-7.72936717e-02,-8.44308659e-02,-7.15293959e-02,-4.31029722e-02,-7.20419884e-02,-9.03416276e-02,-8.23962465e-02,-1.00718319e-01,-9.99719575e-02,-4.84677702e-02,-4.59081866e-02,-4.69223149e-02,-3.44043612e-01,7.50369132e-01,-1.97470546e-01,-5.41183092e-02,-6.11193627e-02,-5.56627102e-02,-1.02142230e-01,-3.69951241e-02,-7.97634199e-02,-3.03034540e-02,-4.48692180e-02,-4.62013669e-02
-6.83808327e-02,-5.30158952e-02,-3.43906134e-02,2.47563180e-02,-9.49685350e-02,-6.22787923e-02,-1.04450651e-01,-8.17247108e-02,-2.88039818e-02,-2.87572086e-01,1.19309878e+00,-1.98492110e-01,-5.20911179e-02,-2.61749234e-02,-3.68579142e-02,-1.90016301e-03,-6.54456168e-02,-7.64850378e-02,-9.72121581e-02,-4.60955650e-02,-1.14191346e-01,-7.50534087e-02,-4.83848155e-02,-9.21327099e-02,-3.35591808e-02,-4.45559770e-02,-6.05327263e-02,-1.53120398e-03,-1.14053488e-02,-4.78100069e-02,-5.19100688e-02,6.06673509e-02,9.88758355e-02,5.27671091e-02,5.66429757e-02,1.77277490e-01,1.59883797e-01,1.06294051e-01,2.21579134e-01,2.40369886e-01,2.29767159e-01,2.41314456e-01,2.14233041e-01,1.55975267e-01,1.57202348e-01,1.25582173e-01,1.34152099e-01,7.79148340e-02,9.86436531e-02,7.89499059e-02,2.52426378e-02,-3.19098122e-02,-5.45673333e-02,-7.00026080e-02,-1.04760816e-02,-7.47307241e-02,-6.44689128e-02,-6.79648221e-02,-3.68424803e-02,-2.23568995e-02,-7.12743402e-02,-3.59705053e-02,-9.13779363e-02,-1.14393577e-01,-4.97443490e-02,-5.05510047e-02,-9.73212719e-02,-1.04600452e-01,-3.16864401e-02,-2.05185741e-01,1.24683928e+00,-3.45024079e-01,-9.24986154e-02,-1.05024166e-02,-1.55963665e-02,-5.13875447e-02,-2.58764196e-02,-8.73317719e-02,-4.68742773e-02,-2.24612299e-02,-6.66268691e-02
-5.69569841e-02,-5.50914779e-02,-2.85566300e-02,-5.46438731e-02,-7.83417523e-02,-2.00526658e-02,-7.90783763e-02,-5.41758835e-02,-5.76838739e-02,1.16264671e-01,7.79406726e-01,-9.68696177e-02,-5.12616709e-02,-3.42410505e-02,-3.84959839e-02,-1.01822145e-01,-8.55806172e-02,-9.36036184e-02,-8.90882239e-02,-9.57398191e-02,-4.26561870e-02,-8.39862749e-02,-9.01105776e-02,-9.25718695e-02,-7.37783760e-02,-1.49291661e-02,-3.89267392e-02,-3.22238915e-02,-8.07027444e-02,-2.85323896e-02,-4.23451588e-02,-9.08611044e-02,-2.07571480e-02,-1.85641889e-02,-3.35641354e-02,4.78290208e-02,7.90954083e-02,2.11020522e-02,7.46477619e-02,1.93021804e-01,1.47721693e-01,1.61687329e-01,1.40771031e-01,2.72386312e-01,2.67803311e-01,2.71382093e-01,2.18327209e-01,1.62354857e-01,1.80212080e-01,1.44048780e-01,1.24181442e-01,4.60818931e-02,5.52244522e-02,6.36227801e-02,4.82665151e-02,-2.29304656e-02,-3.50309201e-02,-3.57719995e-02,-3.54819186e-02,-5.60390651e-02,-4.42886464e-02,-7.54561350e-02,-5.42196259e-02,-5.00619896e-02,-9.93627086e-02,-7.48673007e-02,-5.46620302e-02,-4.45596129e-02,-6.03731126e-02,-6.20360784e-02,8.10514987e-01,1.17091045e-01,-8.34880695e-02,-1.12255886e-01,-5.70223145e-02,-5.19363247e-02,-6.62098154e-02,-5.35073392e-02,-1.85808800e-02,-2.76127104e-02,-7.47149959e-02
-9.16548595e-02,-8.74646083e-02,-4.33110707e-02,-3.59544754e-02,-5.25579751e-02,-4.23633046e-02,-3.54800634e-02,-8.15099403e-02,-1.93496153e-01,7.54009843e-01,1.35520518e-01,-2.06260830e-02,-1.21056452e-01,-1.42336369e-01,-7.69649744e-02,-3.44878472e-02,-3.73843201e-02,-7.71873742e-02,-6.83590323e-02,-7.29215443e-02,-7.36702085e-02,-9.07558948e-02,-1.04351081e-01,-7.24574178e-02,-5.91352358e-02,-5.77739254e-02,-3.53555903e-02,-9.96905342e-02,-8.55178013e-02,-5.30514270e-02,-6.04226394e-03,-1.07193366e-01,-7.88825974e-02,-7.06727728e-02,6.65869890e-03,-1.43924179e-02,-1.91220157e-02,-1.28229931e-02,-3.94860543e-02,4.44330759e-02,5.00498787e-02,3.25208232e-02,5.41130565e-02,1.49667278e-01,1.49886906e-01,1.30064458e-01,1.82661682e-01,2.75089890e-01,2.69165277e-01,2.14361861e-01,2.23056659e-01,1.81233600e-01,1.49288997e-01,1.16826266e-01,1.63359761e-01,5.33573218e-02,7.33671188e-02,6.13878556e-02,3.77127305e-02,-6.21745959e-02,-4.44726311e-02,9.06216592e-05,-1.41242705e-02,-8.22511464e-02,-6.18125424e-02,-9.14999992e-02,-1.39170974e-01,-8.58037472e-02,-9.17554796e-02,-5.65586202e-02,1.43082038e-01,7.69098103e-01,-1.96820617e-01,-1.16169728e-01,-6.61047995e-02,-8.58257934e-02,-3.97006683e-02,-1.03949726e-01,-8.08257014e-02,-7.96510726e-02,-1.11549012e-02
2.77418410e-03,-7.74583966e-02,-5.56254499e-02,-8.60698894e-02,-8.08142871e-02,-4.72624153e-02,-6.37857988e-02,-7.65655190e-02,-3.18095118e-01,1.18515253e+00,-3.67102593e-01,-8.66658092e-02,-7.62501508e-02,-1.18043192e-01,-8.77406001e-02,-6.38446808e-02,-8.35763067e-02,-8.92690048e-02,-7.14920983e-02,-4.12586778e-02,-1.04749516e-01,-6.62666187e-02,-1.09283119e-01,-9.78731811e-02,-4.33399081e-02,-5.89724928e-02,-7.79009014e-02,-8.20528343e-02,-7.40677640e-02,-6.19347319e-02,-8.90267938e-02,-6.37687594e-02,-6.25453889e-02,-3.40691097e-02,-5.11309355e-02,-3.17023024e-02,-3.18999477e-02,-2.97768079e-02,-6.80942833e-02,-2.60302667e-02,-2.95016076e-02,-1.44213103e-02,-1.84386689e-02,7.73252994e-02,7.44526908e-02,8.14577863e-02,3.17761973e-02,1.79629877e-01,1.23933539e-01,1.44043639e-01,1.42625779e-01,2.46273503e-01,2.05287576e-01,2.85417795e-01,2.46027514e-01,1.08477995e-01,1.45759344e-01,1.27872556e-01,1.79798201e-01,5.07881381e-02,1.77809671e-02,3.09886895e-02,3.21494490e-02,-4.87927757e-02,-3.72240171e-02,-2.96177436e-02,-1.01619571e-01,-9.81641784e-02,-1.57441683e-02,-8.84862468e-02,-3.73073012e-01,1.24275935e+00,-3.56474191e-01,-2.63744462e-02,-4.41024825e-02,-9.02149081e-02,-5.10138907e-02,-3.67421061e-02,-1.42105505e-01,-7.16483220e-02,-7.07646608e-02
-5.14084287e-02,-5.45230173e-02,-4.83001582e-02,-5.97527251e-02,-4.68978249e-02,-4.64542508e-02,-6.77800849e-02,-7.42901415e-02,1.11225918e-01,8.29731464e-01,-2.05780387e-01,-1.30680725e-01,-4.76177596e-02,-8.94974098e-02,-8.64113644e-02,-7.09604472e-02,-9.07593369e-02,-5.95098957e-02,-6.72876760e-02,-7.26782456e-02,-8.47409219e-02,-5.99589981e-02,-7.86582679e-02,-6.02165237e-02,-8.24826956e-02,-7.10016415e-02,-9.68270525e-02,-6.25600666e-02,-1.35959834e-01,-8.24994370e-02,-1.08017601e-01,-1.21243991e-01,-1.18414149e-01,-7.06423223e-02,-6.92149624e-02,-7.47714117e-02,-3.28729823e-02,-6.27946183e-02,-2.55072359e-02,-5.81122413e-02,-8.02817196e-02,-7.55288899e-02,-4.77768220e-02,-4.71080318e-02,-1.73743628e-02,-7.18911737e-02,-5.68388551e-02,8.77379403e-02,2.95385383e-02,5.21523952e-02,2.14108489e-02,1.97190702e-01,1.43867642e-01,1.35629848e-01,1.73704207e-01,2.30196238e-01,2.48072833e-01,2.08958134e-01,2.21205831e-01,1.36484742e-01,1.23143636e-01,1.12518772e-01,1.01557873e-01,3.96284051e-02,4.97924909e-02,2.07331702e-02,8.18593949e-02,-2.53623594e-02,-4.98961993e-02,-8.61186013e-02,-1.42425403e-01,7.98041224e-01,1.18432470e-01,-6.79562986e-02,-4.83879298e-02,-4.38359044e-02,-4.53590080e-02,-4.00540829e-02,-4.32198048e-02,-1.02306999e-01,-7.67760128e-02
-6.85931444e-02,-4.10608761e-02,-8.45062360e-02,-6.50248751e-02,-7.66580179e-02,-6.82188421e-02,-1.23707928e-01,-9.38424692e-02,7.53365636e-01,9.95204896e-02,-7.74974376e-02,-9.81594399e-02,-1.53756067e-01,-8.33461732e-02,-8.08156356e-02,-5.20160161e-02,-1.08575709e-01,-2.58682948e-02,-9.26296636e-02,-6.84519187e-02,-4.08361144e-02,-7.06860796e-02,-8.86440948e-02,-1.23111799e-01,-1.13379829e-01,-4.74990755e-02,-6.83147386e-02,-1.11066386e-01,-9.36584324e-02,-8.14407542e-02,-8.40516165e-02,7.54803559e-03,-1.27643153e-01,-6.68449998e-02,-1.03710793e-01,-7.27199689e-02,-9.27129611e-02,-5.88166900e-02,-1.98116712e-02,-1.78466700e-02,-7.29425550e-02,-1.08361244e-01,-6.08741455e-02,-5.61890900e-02,-5.27074449e-02,-5.03980592e-02,-8.79868567e-02,-4.21649069e-02,3.92844342e-03,-4.13527489e-02,-3.40142436e-02,4.82370444e-02,3.76192108e-02,3.83851863e-02,2.00006906e-02,1.87089056e-01,1.35685146e-01,1.45926923e-01,1.45089597e-01,1.84419781e-01,2.17317402e-01,1.97924539e-01,2.45524764e-01,1.98642805e-01,1.74951017e-01,1.06766403e-01,1.86574504e-01,1.13336602e-02,3.53050418e-02,-5.02015464e-02,-4.34796698e-02,1.12822719e-01,7.75008082e-01,-4.58919965e-02,-7.80301020e-02,-9.52161625e-02,-4.35205288e-02,-7.23788589e-02,-7.34832063e-02,-5.83514348e-02,-7.70364180e-02
-7.84788132e-02,-4.40881029e-02,-6.60731867e-02,-4.62543443e-02,-7.62314126e-02,-9.50529650e-02,-3.59778591e-02,-1.71684712e-01,1.18124390e+00,-3.38397115e-01,-5.76055311e-02,-6.21861294e-02,-6.64225295e-02,-3.96630839e-02,-4.97887693e-02,-4.96342145e-02,-6.26057833e-02,-8.51965174e-02,-9.66488943e-02,-1.02340274e-01,-1.08102314e-01,-1.26587212e-01,-8.58196765e-02,-8.31809938e-02,-7.78029412e-02,-9.68718305e-02,-4.82996963e-02,-8.98786634e-02,-1.16260275e-01,-7.77765587e-02,-1.01380885e-01,-6.27813786e-02,-8.39512721e-02,-7.45771229e-02,-7.67751560e-02,-7.16107935e-02,-3.14972401e-02,-8.79311115e-02,-8.77859816e-02,-6.19843081e-02,-1.00674503e-01,-1.16140440e-01,-5.24200685e-02,-4.72714491e-02,-6.74566925e-02,-1.81014501e-02,-9.49120000e-02,-3.65379117e-02,-6.09585270e-02,-8.49522650e-02,-9.16450694e-02,1.08621537e-03,-5.41662686e-02,-1.51046179e-02,-3.77277955e-02,7.00283498e-02,3.24826837e-02,5.69690131e-02,3.66514847e-02,1.41861796e-01,1.24451078e-01,1.10512361e-01,1.46424145e-01,2.08291799e-01,2.11034372e-01,2.08306134e-01,1.98179543e-01,1.28834337e-01,1.67435691e-01,-1.26184285e-01,-1.22755498e-01,-3.75053734e-01,1.23096538e+00,-1.94415659e-01,-6.57995790e-02,-1.01853684e-01,-1.03636511e-01,-6.38838410e-02,-5.98156229e-02,-8.26863423e-02,-5.69396205e-02
-1.00529589e-01,-5.44543751e-02,-1.34405717e-01,-1.10330813e-01,-6.39680102e-02,-1.26890063e-01,-7.37480596e-02,-3.52062136e-01,8.11091781e-01,-1.95029557e-01,-2.84734685e-02,-6.82469457e-02,-1.01984590e-01,-6.43229410e-02,-9.42678228e-02,-1.07629128e-01,-8.41593072e-02,-8.11651573e-02,-8.43243226e-02,-7.20229521e-02,-7.09579140e-02,-5.77961765e-02,7.48856750e-04,-6.05442673e-02,-7.38283545e-02,-8.29008892e-02,-1.10680550e-01,-6.55495226e-02,-6.16540201e-02,-8.93070176e-02,-6.72985166e-02,-9.28704143e-02,-7.60055110e-02,-4.57541384e-02,-6.79802224e-02,-5.03459685e-02,-1.08938769e-01,-5.58145940e-02,-7.04928115e-02,-6.65005147e-02,-1.00308277e-01,-7.99482912e-02,-9.13537592e-02,-1.01384953e-01,-7.37220123e-02,-7.54879117e-02,-3.97029892e-02,-8.82481709e-02,-8.27081650e-02,-1.08571373e-01,-5.31333759e-02,-8.64187703e-02,-7.82087743e-02,-4.24233712e-02,-7.34667927e-02,-2.38410104e-02,-6.90722987e-02,-1.78973377e-02,-2.22652312e-02,8.01187661e-03,6.42542019e-02,4.13091555e-02,4.87602092e-02,1.47321746e-01,1.45925134e-01,1.38393238e-01,1.13720171e-01,2.17101842e-01,2.37126291e-01,-9.60538015e-02,-1.17611989e-01,-2.31510207e-01,7.79642105e-01,-3.46770406e-01,-1.14078864e-01,-8.52774829e-02,-7.49427453e-02,-4.25598845e-02,-6.88333660e-02,-1.10845618e-01,-9.92768407e-02
-8.87532607e-02,-4.63377759e-02,-8.45651031e-02,-6.47739545e-02,-1.00804597e-01,-1.11325994e-01,-6.69724420e-02,1.16592452e-01,1.39091089e-01,-5.90731762e-02,-6.14379533e-02,-1.07542053e-01,-9.44267735e-02,-1.21999107e-01,-8.85900930e-02,-1.23390585e-01,-1.02199234e-01,-1.23363890e-01,-8.65170658e-02,-1.39053777e-01,-7.33031109e-02,-6.45100325e-02,-1.24738351e-01,-2.84579061e-02,-1.35393128e-01,-7.04427734e-02,-1.03368297e-01,-1.02609441e-01,-1.28655851e-01,-7.34029338e-02,-1.00532219e-01,-8.38005692e-02,-9.31008309e-02,-1.08172245e-01,-8.73267725e-02,-6.66445866e-02,-6.75165206e-02,-9.96960029e-02,-7.82583505e-02,-4.03767712e-02,-8.23826268e-02,-5.79839535e-02,-5.23710474e-02,-9.15105268e-02,-5.33438958e-02,-5.59481159e-02,-9.84240547e-02,-3.56959030e-02,-1.04304075e-01,-8.37337896e-02,-7.62694329e-02,-1.14749700e-01,-7.94355944e-02,-7.57677481e-02,-4.74318191e-02,-1.08537309e-01,-7.77273700e-02,-1.00247592e-01,-1.24371164e-01,-3.78374085e-02,-8.49939585e-02,-2.57243607e-02,-1.10403635e-02,6.81101978e-02,4.39131483e-02,1.55533031e-02,5.41816466e-02,1.14116825e-01,7.16340244e-02,-7.62056857e-02,-7.61525482e-02,-7.47130439e-02,1.38920262e-01,1.33020639e-01,-1.07394710e-01,-4.65240628e-02,-1.03354923e-01,-5.84853515e-02,-2.71006580e-02,-2.08168738e-02,-4.83864658e-02
-6.02051988e-02,-8.57283026e-02,-5.26553132e-02,-4.88534048e-02,-1.17816828e-01,-8.19132775e-02,-2.31645048e-01,7.65537202e-01,-4.43246007e-01,-1.11008927e-01,-5.23875020e-02,-9.11380798e-02,-7.87057504e-02,-1.11046605e-01,-7.83551633e-02,-9.26854983e-02,-1.06289081e-01,-9.74701047e-02,-8.65452215e-02,-7.67493993e-02,-1.02657400e-01,-9.11669880e-02,-1.04717746e-01,-6.26743734e-02,-6.09929599e-02,-9.19891074e-02,-7.36091733e-02,-9.33000967e-02,-1.00061931e-01,-8.42144117e-02,-1.09825067e-01,-6.87486082e-02,-6.97087497e-02,-1.13634937e-01,-5.68084940e-02,-1.03571840e-01,-8.61510113e-02,-9.89788175e-02,-5.23464344e-02,-8.85569602e-02,-6.52680248e-02,-8.08148906e-02,-6.52733371e-02,-5.53243086e-02,-8.96904022e-02,-9.00918171e-02,-6.59181997e-02,-6.41347244e-02,-9.03640166e-02,-1.28574476e-01,-9.81584191e-02,-7.46128410e-02,-6.88623637e-02,-1.06966384e-01,-7.37848133e-02,-1.25359207e-01,-6.65989891e-02,-1.09781384e-01,-5.44507727e-02,-1.29919350e-01,-1.27745241e-01,-9.95643958e-02,-1.04658782e-01,-3.97826023e-02,-2.52631754e-02,-5.02954833e-02,-6.34776354e-02,3.34840454e-02,5.18515483e-02,-9.88217220e-02,-7.25741610e-02,-9.63479653e-02,-3.30938935e-01,7.49804437e-01,-1.75566420e-01,-1.14996865e-01,-1.19570687e-01,-4.54544201e-02,-4.93847951e-02,-8.77582580e-02,-7.96486959e-02
-5.15442938e-02,-7.12599903e-02,-6.35043010e-02,-8.71358439e-02,-8.78024623e-02,-6.84029460e-02,-3.85115087e-01,1.20257401e+00,-2.47983336e-01,-9.20692757e-02,-7.70173818e-02,-7.25128204e-02,-8.39253291e-02,-9.16908011e-02,-9.87057015e-02,-9.35031623e-02,-8.66959319e-02,-8.74957219e-02,-9.68813524e-02,-1.11565530e-01,-1.05865158e-01,-1.28272012e-01,-6.59040213e-02,-8.23330954e-02,-8.32978711e-02,-9.56335738e-02,-1.05927289e-01,-6.30688742e-02,-1.06259286e-01,-9.90032703e-02,-6.98456019e-02,-7.70525336e-02,-2.54663564e-02,-8.21301118e-02,-8.91811177e-02,-4.33788411e-02,-8.38519931e-02,-3.54837365e-02,-1.02823168e-01,-7.22515732e-02,-8.34757462e-02,-8.87648761e-02,-1.07353389e-01,-1.76225509e-02,-9.55251083e-02,-5.26762828e-02,-8.32141787e-02,-6.64250106e-02,-8.11570436e-02,-1.08416356e-01,-4.10462916e-02,-1.50461523e-02,-1.02304570e-01,-7.45502710e-02,-6.75448775e-02,-9.90773886e-02,-8.63313302e-02,-1.13793090e-01,-9.18438137e-02,-8.91142264e-02,-1.23942457e-01,-1.00733884e-01,-5.64882718e-02,-9.74346101e-02,-9.36684236e-02,-8.31466541e-02,-1.02549046e-01,-2.46540643e-02,-6.11429736e-02,-8.91458243e-02,-9.41341221e-02,-6.66709542e-02,-2.35046253e-01,1.21051359e+00,-3.58394295e-01,-9.47647914e-02,-9.21892971e-02,-8.42326656e-02,-7.26386532e-02,-2.31997296e-02,-5.81994690e-02
-8.43711570e-02,-9.50112566e-02,-7.25953653e-02,-1.21814080e-01,-6.99563399e-02,-1.08388111e-01,1.15034141e-01,7.78600097e-01,-8.94071460e-02,-2.27701552e-02,-1.25323802e-01,-9.20374244e-02,-1.15531757e-01,-7.33744726e-02,-1.00815773e-01,-7.58064687e-02,-7.69610628e-02,-9.91744846e-02,-1.05738543e-01,-8.96539092e-02,-6.16585463e-02,-8.00307319e-02,-5.04436009e-02,-1.01731263e-01,-9.80975553e-02,-1.37300491e-01,-1.02082059e-01,-5.56593388e-02,-8.00366178e-02,-3.07200402e-02,-8.36767405e-02,-5.72269596e-02,-9.86525491e-02,-7.22314268e-02,-1.22308627e-01,-7.45812058e-02,-1.43245935e-01,-7.37870261e-02,-7.06985518e-02,-6.84878528e-02,-4.58097532e-02,-1.14146158e-01,-4.54365313e-02,-5.82911186e-02,-1.16413653e-01,-3.71801294e-02,-8.19556043e-02,-8.51046517e-02,-6.18272759e-02,-1.27506167e-01,-1.07909210e-01,-4.13636528e-02,-7.87575990e-02,-3.48132774e-02,-1.40921071e-01,-8.88000950e-02,-7.50735998e-02,-8.38140473e-02,-1.09383710e-01,-1.24056049e-01,-8.65006894e-02,-1.01494551e-01,-1.14532724e-01,-8.68943185e-02,-1.05582520e-01,-6.95731789e-02,-4.07499559e-02,-9.94181335e-02,-1.14098832e-01,-1.23239353e-01,-9.10264924e-02,-1.07016735e-01,-9.23528075e-02,7.88403630e-01,1.29164025e-01,-9.66776609e-02,-8.97204727e-02,-5.70997968e-02,-1.02972686e-01,-1.07506514e-01,-5.22147901e-02
-7.40346760e-02,-1.03683546e-01,-8.72347653e-02,-5.97547404e-02,-3.68525386e-02,-1.87711373e-01,7.52662420e-01,9.29826498e-02,-1.01866394e-01,-5.55852316e-02,-1.38229474e-01,-8.86626393e-02,-8.95553082e-02,-9.23687667e-02,-9.90062803e-02,-9.71919298e-02,-7.77518004e-02,-1.01436570e-01,-1.19812593e-01,-1.16684221e-01,-6.86833411e-02,-8.04505870e-02,-7.55968466e-02,-1.00789063e-01,-7.58156478e-02,-8.20256919e-02,-7.53154606e-02,-5.46493642e-02,-1.29295677e-01,-1.02971174e-01,-8.07580873e-02,-9.20371264e-02,-1.00153059e-01,-7.49900937e-02,-8.11259001e-02,-6.46767542e-02,-8.96862000e-02,-9.53730568e-02,-1.18977576e-01,-1.14564374e-01,-9.73136425e-02,-9.98242423e-02,-7.47558549e-02,-7.20937997e-02,-4.43136618e-02,-6.51818812e-02,-6.85368106e-02,-8.95998031e-02,-8.07971209e-02,-7.97309875e-02,-7.18700811e-02,-9.93099660e-02,-1.15873948e-01,-9.56322849e-02,-1.12764664e-01,-1.36334285e-01,-1.08457573e-01,-8.54032114e-02,-7.14968741e-02,-6.38205558e-02,-8.40154365e-02,-9.08138230e-02,-1.32717773e-01,-9.18702707e-02,-1.06149986e-01,-6.84676543e-02,-1.07238673e-01,-6.21099249e-02,-8.54031518e-02,-6.94652423e-02,-5.47501743e-02,-5.55044934e-02,-8.21892992e-02,7.71072507e-02,7.62826145e-01,-1.94794163e-01,-1.06514931e-01,-1.11656018e-01,-6.54668808e-02,-7.99642578e-02,-8.66827369e-02
-1.14665456e-01,-3.45008001e-02,-8.42315108e-02,-8.67747217e-02,-1.14466377e-01,-3.53664845e-01,1.17382097e+00,-3.86205047e-01,-1.35563508e-01,-8.31947178e-02,-9.01898444e-02,-1.40050620e-01,-1.44865111e-01,-8.24553296e-02,-1.20933644e-01,-1.16787992e-01,-1.10856466e-01,-1.02895722e-01,-9.00383294e-02,-1.09106280e-01,-1.13900185e-01,-7.65249580e-02,-1.11481167e-01,-9.69328657e-02,-9.17920023e-02,-6.61698580e-02,-1.14020921e-01,-8.26465487e-02,-9.22473595e-02,-8.62850919e-02,-1.61561053e-02,-9.41392258e-02,-8.15533921e-02,-1.05503440e-01,-1.05682470e-01,-1.05843268e-01,-8.79815072e-02,-9.72495675e-02,-7.85671994e-02,-1.13154069e-01,-5.41358441e-02,-9.59086418e-02,-8.19739923e-02,-8.26119259e-02,-1.42581448e-01,-5.49657606e-02,-7.23425969e-02,-5.97998686e-02,-9.70627591e-02,-9.18785632e-02,-1.01182394e-01,-1.06500700e-01,-1.15921333e-01,-8.05775449e-02,-5.45046218e-02,-1.12824321e-01,-7.00769648e-02,-1.07005619e-01,-8.93190503e-02,-4.43301722e-02,-7.73207545e-02,-1.15987733e-01,-5.58084995e-02,-9.90920141e-02,-1.36967137e-01,-1.05678923e-01,-7.11587742e-02,-1.21828064e-01,-6.92456737e-02,-4.83242348e-02,-9.02188122e-02,-6.36560321e-02,-1.03537403e-01,-3.63739818e-01,1.20448339e+00,-3.36622715e-01,-4.95671183e-02,-7.87193626e-02,-7.79720470e-02,-7.41751343e-02,-1.16316833e-01
-7.82696083e-02,-5.55905811e-02,-9.74221155e-02,-7.34653026e-02,-5.31408489e-02,1.02834642e-01,7.72464931e-01,-1.85385749e-01,-9.14906636e-02,-9.81510580e-02,-9.48799923e-02,-1.15312129e-01,-9.18271765e-02,-3.68471965e-02,-6.79443404e-02,-9.92988646e-02,-9.08224881e-02,-1.02389172e-01,-8.03111792e-02,-1.01560831e-01,-6.82456046e-02,-6.65743798e-02,-6.98138177e-02,-1.01128682e-01,-1.12163849e-01,-1.17634356e-01,-4.69939560e-02,-6.45069107e-02,-6.19817786e-02,-1.00598782e-01,-1.28000885e-01,-9.75950584e-02,-8.51656720e-02,-1.06944524e-01,-6.40225112e-02,-7.64332861e-02,-8.52303579e-02,-1.72043800e-01,-1.03034742e-01,-1.23185202e-01,-1.20367579e-01,-9.86381173e-02,-1.24181740e-01,-1.17426990e-02,-5.83501793e-02,-1.10974625e-01,-9.61165130e-02,-1.25181854e-01,-9.86060947e-02,-8.55707452e-02,-8.29814598e-02,-1.02687366e-01,-8.86685997e-02,-1.48485586e-01,-1.03483647e-01,-9.57876891e-02,-1.06631391e-01,-8.27313662e-02,-9.95590761e-02,-8.34097117e-02,-1.12025268e-01,-7.86137879e-02,-1.35337621e-01,-1.12203136e-01,-8.81074965e-02,-8.67258087e-02,-9.56332237e-02,-1.26385659e-01,-1.18333988e-01,-7.00756833e-02,-8.13320130e-02,-9.23621580e-02,-1.29213214e-01,-2.27346972e-01,7.70606101e-01,9.98036787e-02,-8.13570097e-02,-7.02750981e-02,-1.26700342e-01,-9.50548276e-02,-7.04111829e-02
-8.49102587e-02,-5.61754778e-02,-8.08604583e-02,-1.14981703e-01,-8.54832754e-02,7.77107298e-01,9.44034457e-02,-6.09042421e-02,-8.21899474e-02,-9.31388065e-02,-8.10868219e-02,-8.32098126e-02,-6.28833175e-02,-9.06140283e-02,-9.86072868e-02,-1.36050627e-01,-6.49537817e-02,-9.94748920e-02,-1.14819400e-01,-9.06197056e-02,-7.98905492e-02,-8.93740728e-02,-1.45166844e-01,-1.03787355e-01,-9.55145359e-02,-1.01243377e-01,-7.59655759e-02,-1.15082957e-01,-1.08894661e-01,-9.16449949e-02,-1.04322463e-01,-8.14368874e-02,-1.11649282e-01,-8.80563557e-02,-7.04657659e-02,-1.08407058e-01,-1.27118468e-01,-1.12429149e-01,-7.07005113e-02,-1.31762803e-01,-7.39963204e-02,-7.17033669e-02,-8.52467939e-02,-4.25678343e-02,-7.71427080e-02,-1.03818618e-01,-1.06396072e-01,-6.63664341e-02,-2.97930725e-02,-8.41693059e-02,-8.86388198e-02,-4.87941653e-02,-8.58114362e-02,-1.19006515e-01,-1.14117995e-01,-1.12621874e-01,-1.08458504e-01,-8.75898674e-02,-6.28239065e-02,-1.18284531e-01,-9.44716260e-02,-1.16571836e-01,-7.03120455e-02,-9.50203985e-02,-5.91188185e-02,-7.24212155e-02,-1.06077984e-01,-1.05311289e-01,-1.03506781e-01,-1.07088521e-01,-1.27277076e-01,-1.10299841e-01,-8.99966806e-02,-1.00178108e-01,5.29231578e-02,7.75077939e-01,-8.31614807e-02,-9.15352255e-02,-7.26184994e-02,-7.07953125e-02,-1.20553300e-01
-6.39739409e-02,-7.63589889e-02,-7.20690489e-02,-7.07227290e-02,-2.25176051e-01,1.16818297e+00,-3.63898963e-01,-1.03084728e-01,-1.04809023e-01,-5.21724075e-02,-6.00298792e-02,-1.12544976e-01,-1.04750216e-01,-9.91113633e-02,-8.06927979e-02,-1.52312025e-01,-6.65941164e-02,-8.77146423e-02,-8.19779560e-02,-6.47876412e-02,-1.05843723e-01,-5.40195666e-02,-7.90182650e-02,-9.08683166e-02,-1.48108825e-01,-1.04897834e-01,-8.44954550e-02,-8.62425193e-02,-1.43313468e-01,-9.71084759e-02,-9.23002437e-02,-8.05700943e-02,-4.90912274e-02,-1.12986125e-01,-7.00367168e-02,-6.64305538e-02,-6.84290528e-02,-6.33752421e-02,-9.65569764e-02,-1.18426800e-01,-4.35506776e-02,-7.57347718e-02,-7.23416135e-02,-5.54428622e-02,-5.78191653e-02,-9.29593891e-02,-1.05932079e-01,-9.43681225e-02,-1.19602270e-01,-7.65146762e-02,-1.27117977e-01,-8.09586048e-02,-1.03948712e-01,-1.23433016e-01,-1.40379071e-01,-7.57416859e-02,-7.88125694e-02,-5.69038019e-02,-1.12686977e-01,-9.95329320e-02,-9.77515355e-02,-1.33329675e-01,-5.50090410e-02,-1.08240351e-01,-7.54442587e-02,-8.45456496e-02,-1.15688749e-01,-1.39037296e-01,-6.32062107e-02,-8.99465978e-02,-9.33285952e-02,-9.63745564e-02,-7.08385929e-02,-9.11070928e-02,-3.70886862e-01,1.21042681e+00,-2.08724484e-01,-1.18898124e-01,-6.48949817e-02,-9.69757065e-02,-1.28813937e-01
-8.11674967e-02,-1.08740903e-01,-1.01654559e-01,-8.28439593e-02,-3.51400942e-01,7.41521120e-01,-1.99279875e-01,-8.58801603e-02,-1.15112841e-01,-1.04580857e-01,-9.92464721e-02,-4.76840436e-02,-6.36306182e-02,-1.18586466e-01,-4.47740294e-02,-1.33756712e-01,-8.79223943e-02,-9.44264904e-02,-1.30463004e-01,-1.23767413e-01,-1.04821771e-01,-1.03798091e-01,-1.05067708e-01,-6.16732240e-02,-1.38217852e-01,-7.00495020e-02,-4.75718416e-02,-1.19948581e-01,-1.00764699e-01,-8.64835680e-02,-8.33423659e-02,-1.01282246e-01,-9.94760618e-02,-9.43621546e-02,-5.68331890e-02,-6.52710050e-02,-5.69845699e-02,-5.41632734e-02,-9.33798626e-02,-1.09605305e-01,-1.14914685e-01,-7.51368254e-02,-1.14631675e-01,-7.93432072e-02,-7.28248358e-02,-9.62791443e-02,-1.02940515e-01,-1.23057492e-01,-7.85081163e-02,-7.24814907e-02,-1.16438180e-01,-9.57008526e-02,-1.08401947e-01,-1.59118280e-01,-6.76692650e-02,-1.11870781e-01,-1.19263612e-01,-1.15631819e-01,-7.52594173e-02,-1.36223063e-01,-7.91986585e-02,-1.28058866e-01,-1.13253899e-01,-1.09304711e-01,-9.35111493e-02,-9.90046039e-02,-1.42980069e-01,-6.72817007e-02,-8.51683170e-02,-8.12966824e-02,-7.74338543e-02,-6.80608228e-02,-4.68036085e-02,-1.20776251e-01,-2.13618249e-01,7.63135076e-01,-3.56502652e-01,-1.36784419e-01,-7.38108605e-02,-1.20528273e-01,-1.11593485e-01
-9.40376446e-02,-9.15401950e-02,-1.09544374e-01,-8.89553726e-02,1.36253998e-01,1.17289029e-01,-9.24164802e-02,-6.19705766e-02,-5.79268299e-02,-8.42128769e-02,-1.01340555e-01,-1.19875893e-01,-1.04882002e-01,-8.26234594e-02,-9.72025692e-02,-7.84144253e-02,-8.27596337e-02,-9.54999477e-02,-7.32388943e-02,-8.89373720e-02,-8.28091577e-02,-1.06923558e-01,-1.12508394e-01,-8.80574659e-02,-9.72931460e-02,-1.27677307e-01,-9.31623429e-02,-1.21630237e-01,-6.19303286e-02,-9.31592584e-02,-8.81076977e-02,-9.62896645e-02,-1.43932074e-01,-4.45717573e-02,-1.12597421e-01,-1.11366928e-01,-7.89026693e-02,-8.53997096e-02,-1.04430869e-01,-8.39531794e-02,-4.11549099e-02,-8.61711130e-02,-6.68479782e-03,-8.68452936e-02,-5.85439801e-02,-1.15391403e-01,-9.68970880e-02,-5.10479286e-02,-9.39806774e-02,-9.94537622e-02,-7.98523277e-02,-9.22373086e-02,-1.22052811e-01,-1.29475996e-01,-6.53879493e-02,-9.17701647e-02,-8.34403858e-02,-1.12971157e-01,-8.72480422e-02,-6.85752332e-02,-9.48558971e-02,-9.09592584e-02,-9.09514651e-02,-4.95978743e-02,-6.93723410e-02,-6.34184182e-02,-7.81431645e-02,-8.78885612e-02,-9.18648392e-02,-8.70973989e-02,-8.90216380e-02,-9.46663469e-02,-5.51587641e-02,-5.20910770e-02,-9.59442034e-02,9.52422470e-02,1.01427034e-01,-1.06092498e-01,-8.66989940e-02,-1.13109902e-01,-7.29039907e-02
-8.27649534e-02,-5.54484315e-02,-1.16527103e-01,-1.97619021e-01,7.94428766e-01,-3.64964247e-01,-3.77932973e-02,-1.18649110e-01,-5.51001132e-02,-5.72456717e-02,-2.65295543e-02,-6.98237941e-02,-1.21900335e-01,-7.81514496e-02,-9.20096114e-02,-1.10909306e-01,-9.71898884e-02,-8.41481909e-02,-4.24839742e-02,-4.44193520e-02,-1.45727575e-01,-1.22650772e-01,-8.35874006e-02,-9.90565047e-02,-8.91725942e-02,-8.46949965e-02,-4.93812114e-02,-1.13000154e-01,-9.90151986e-02,-9.38477144e-02,-9.04005244e-02,-1.44892678e-01,-6.87088594e-02,-1.28213078e-01,-1.20410465e-01,-3.71633396e-02,-7.63043538e-02,-7.15777650e-02,-9.88010019e-02,-8.17535967e-02,-3.34018059e-02,-7.40003437e-02,-9.37642083e-02,-9.15184766e-02,-4.32831906e-02,-7.13227466e-02,-5.68453744e-02,-6.67195618e-02,-5.71626388e-02,-8.34822804e-02,-9.36716348e-02,-8.08103159e-02,-7.30176419e-02,-5.77519834e-02,-1.15309827e-01,-8.42261165e-02,-6.58548996e-02,-1.08040817e-01,-9.02667865e-02,-7.12220222e-02,-1.24858588e-01,-7.29753003e-02,-9.28628296e-02,-1.11897320e-01,-4.30229753e-02,-1.04137756e-01,-6.55747354e-02,-7.31934234e-02,-7.80780241e-02,-1.31450415e-01,-5.85508160e-02,-9.40611064e-02,-1.26503482e-01,-9.72093493e-02,-6.25678524e-02,-3.78789306e-01,7.69289911e-01,-2.24844486e-01,-4.74068932e-02,-5.85567802e-02,-5.61025590e-02
-5.75556308e-02,-8.88919085e-02,-6.19643256e-02,-3.68898392e-01,1.21022844e+00,-1.81186080e-01,-8.09271410e-02,-1.14509620e-01,-7.56982863e-02,-7.97569752e-02,-5.98966442e-02,-7.92057365e-02,-1.02827206e-01,-1.07092619e-01,-1.24700129e-01,-8.30707103e-02,-5.89057840e-02,-1.02905296e-01,-1.01209320e-01,-1.17902175e-01,-7.18248039e-02,-1.27471969e-01,-6.58573583e-02,-1.04743853e-01,-7.82823488e-02,-9.52840298e-02,-1.32393256e-01,-1.25488430e-01,-1.53644621e-01,-7.10953027e-02,-8.74438435e-02,-7.55058005e-02,-3.25156897e-02,-1.17033936e-01,-1.14416733e-01,-1.27565607e-01,-4.85638827e-02,-6.31241426e-02,-3.48184966e-02,-7.48160332e-02,-9.01879147e-02,-9.47819129e-02,-5.47684915e-02,-6.88814074e-02,-1.05884992e-01,-7.40606934e-02,-4.71388474e-02,-1.27200872e-01,-9.51303765e-02,-1.33062199e-01,-6.72185048e-02,-1.08499460e-01,-7.96742514e-02,-7.72961974e-02,-1.13320172e-01,-1.42266512e-01,-7.77835697e-02,-6.96267560e-02,-8.01437423e-02,-8.30509737e-02,-9.35719237e-02,-4.81849462e-02,-3.22813466e-02,-7.50955939e-02,-1.06154606e-01,-6.89686686e-02,-1.24870539e-01,-1.02052055e-01,-9.77920294e-02,-1.11751452e-01,-1.13077842e-01,-6.47076145e-02,-7.82416090e-02,-7.94950947e-02,-7.24431351e-02,-1.98186696e-01,1.20096040e+00,-3.80646288e-01,-7.21848160e-02,-8.43873695e-02,-7.57403746e-02
-9.13685039e-02,-5.28805889e-02,-9.51487571e-02,1.55518100e-01,7.92896032e-01,-9.12618265e-02,-7.55944252e-02,-6.14119321e-02,-1.27734736e-01,-9.55859125e-02,-1.17068335e-01,-1.09177195e-01,-1.15421809e-01,-1.29240185e-01,-5.71864061e-02,-1.20685786e-01,-7.58794695e-02,-7.75517002e-02,-4.19873185e-02,-1.00147657e-01,-9.74540189e-02,-9.97830033e-02,-1.38438836e-01,-9.30520669e-02,-4.37968709e-02,-1.01773031e-01,-1.02642208e-01,-2.08865609e-02,-8.62024501e-02,-4.62561511e-02,-6.52733818e-02,-5.23426123e-02,-7.31495470e-02,-8.21918175e-02,-8.85553285e-02,-7.85730183e-02,-1.10833317e-01,-5.95794693e-02,-6.16865791e-02,-4.53048386e-02,-7.49515444e-02,-7.73503706e-02,-5.14658019e-02,-8.14921632e-02,-6.98542148e-02,-7.62531087e-02,-8.28065500e-02,-1.06889099e-01,-4.64319587e-02,-6.22135140e-02,-6.61207810e-02,-1.00260086e-01,-6.59376159e-02,-8.84817839e-02,-1.02021582e-01,-1.15461536e-01,-9.61322784e-02,-1.06098250e-01,-8.25248137e-02,-6.23566695e-02,-8.01805779e-02,-6.01135977e-02,-8.47852528e-02,-6.54136688e-02,-9.42899510e-02,-8.92745107e-02,-1.25290707e-01,-7.90550932e-02,-1.05657816e-01,-6.65412471e-02,-9.99691710e-02,-7.65868202e-02,-6.05470352e-02,-9.32592303e-02,-1.07788958e-01,-3.75032797e-02,7.79116392e-01,9.53195170e-02,-7.46707395e-02,-1.24174818e-01,-8.81732553e-02
-4.69281711e-02,-6.91476464e-02,-1.50861576e-01,8.00795317e-01,1.40302762e-01,-6.42535910e-02,-5.72154932e-02,-1.11469314e-01,-4.05474268e-02,-1.34196073e-01,-6.38623983e-02,-3.79892737e-02,-8.13791975e-02,-8.08308348e-02,-5.02435379e-02,-1.01587184e-01,-6.11948185e-02,-1.12046994e-01,-8.99314657e-02,-1.31183222e-01,-1.04126379e-01,-7.54562169e-02,-1.08690694e-01,-6.80637136e-02,-8.08377340e-02,-9.25729796e-02,-3.78646366e-02,-9.77300927e-02,-9.67383236e-02,-8.67358595e-02,-8.85393918e-02,-4.04512063e-02,-9.84480754e-02,-1.08780771e-01,-2.44672298e-02,-6.53490126e-02,-1.37964159e-01,-7.69602209e-02,-8.45947862e-02,-1.29274011e-01,-5.79369999e-02,-1.06149733e-01,-1.01746157e-01,-1.15747705e-01,-3.62223499e-02,-7.08695203e-02,-6.91830665e-02,-1.05009817e-01,-7.42950737e-02,-5.03934100e-02,-9.76004899e-02,-4.78735976e-02,-1.08255059e-01,-7.03382567e-02,-7.25466907e-02,-1.03614487e-01,-8.92537832e-02,-9.54996198e-02,-1.16355181e-01,-9.89269763e-02,-2.76681408e-02,-6.71684295e-02,-1.47480339e-01,-6.45044744e-02,-7.82366917e-02,-9.24465582e-02,-8.94764513e-02,-7.16488808e-02,-7.40925968e-02,-7.80404881e-02,-6.51690066e-02,-1.24046929e-01,-1.20395526e-01,-5.22137992e-02,-1.58143975e-02,-1.04373500e-01,1.23790443e-01,7.95717657e-01,-1.95013940e-01,-3.18402052e-03,-8.29638690e-02
-6.43711239e-02,-4.53988351e-02,-3.76967669e-01,1.23219502e+00,-3.55494976e-01,-9.89599153e-02,-1.00941852e-01,-5.24589904e-02,-9.48301703e-02,-1.11973830e-01,-9.24090743e-02,-8.03276524e-02,-5.94354980e-02,-5.62647879e-02,-5.50631881e-02,-9.38128978e-02,-6.48108944e-02,-6.41020685e-02,-7.47394636e-02,-9.30581242e-02,-5.78606278e-02,-8.74288380e-02,-4.52756435e-02,-7.72153288e-02,-7.02259541e-02,-1.08605988e-01,-7.98739567e-02,-6.16833493e-02,-6.56985268e-02,-7.73530304e-02,-1.03752889e-01,-6.59729540e-02,-7.19722137e-02,-7.63429776e-02,-7.32495338e-02,-4.71872240e-02,-9.07586813e-02,-7.46753886e-02,-5.71745634e-02,-6.40371442e-02,-7.36884549e-02,-5.00207506e-02,-8.25764984e-02,-4.66346219e-02,-8.16954151e-02,-4.22455706e-02,-5.31520098e-02,-1.16503343e-01,-7.72084445e-02,-4.30345163e-02,-6.74886853e-02,-6.44504875e-02,-1.18905783e-01,-3.11399847e-02,-8.51868689e-02,-7.05222636e-02,-6.94884583e-02,-5.32138310e-02,-8.57891589e-02,-8.25101584e-02,-1.18776418e-01,-1.00129224e-01,-6.70813471e-02,-6.54406622e-02,-5.31821959e-02,-9.27398652e-02,-5.27124107e-02,-4.49438430e-02,-6.81764781e-02,-5.99355549e-02,-5.73510081e-02,-1.01168916e-01,-5.11573628e-02,-8.67679343e-02,-1.26937881e-01,-7.87718967e-02,-3.65004390e-01,1.22346389e+00,-3.18392813e-01,-7.98049718e-02,-6.75987080e-02
-2.23272201e-02,-8.66875798e-02,1.14284657e-01,7.80409336e-01,-1.92839801e-01,-7.74550959e-02,-8.37339982e-02,-7.96001777e-02,-8.15271810e-02,-5.38703874e-02,-1.08909413e-01,-3.83186899e-02,-6.77804276e-02,-5.00093773e-02,-8.20252448e-02,-6.20286427e-02,-6.51251152e-02,-6.26251698e-02,-6.41281381e-02,-6.11503348e-02,-6.01433441e-02,-1.04325943e-01,-7.86348209e-02,-4.01762016e-02,-8.09334517e-02,-3.90109271e-02,-4.76623513e-02,-6.34527951e-02,-8.05164948e-02,-1.04638645e-02,-8.65266323e-02,-7.59608671e-02,-5.93309514e-02,-7.82157704e-02,-1.16069362e-01,-1.07917242e-01,-8.60830843e-02,-8.73298496e-02,-6.71290308e-02,-8.00117031e-02,-7.46554583e-02,-7.79295489e-02,-8.43925402e-02,-8.63962173e-02,-6.97333887e-02,-6.63141385e-02,-5.82721941e-02,-3.70735712e-02,-6.36398718e-02,-4.71650995e-02,-3.20901982e-02,-1.01634011e-01,-5.59446588e-02,-3.92312407e-02,-4.41033132e-02,-1.02885939e-01,-1.01143338e-01,-1.06575571e-01,-6.40778840e-02,-1.24396674e-01,-7.68979043e-02,-8.26870427e-02,-4.24581692e-02,-6.59620017e-02,-9.51302424e-02,-7.62605369e-02,-2.79015303e-02,-1.18203789e-01,-9.52565745e-02,-4.57916819e-02,-5.27632311e-02,-8.97368565e-02,-8.72265771e-02,-4.78739664e-02,-8.40394571e-02,-6.33166060e-02,-1.66682154e-01,8.45584452e-01,1.46189198e-01,-4.31509875e-02,-8.34322721e-02
-5.95294908e-02,-5.32221869e-02,8.20067823e-01,8.29471946e-02,-6.30738437e-02,-6.84558004e-02,-1.34046897e-02,-7.02939108e-02,-3.98323201e-02,-4.45592813e-02,-3.10772937e-02,-5.89274876e-02,-5.69152161e-02,-6.63488507e-02,-5.80623150e-02,-9.84326079e-02,-7.08763972e-02,-4.34177332e-02,-7.54390806e-02,-1.14046179e-01,-4.32262234e-02,-7.35287219e-02,-1.17660284e-01,-7.58175999e-02,-1.17466666e-01,-7.54254758e-02,-2.68924776e-02,-6.17477484e-02,-5.19742295e-02,-8.12263712e-02,-8.46271217e-02,-5.33666015e-02,-7.73749650e-02,-4.34248820e-02,-7.28279650e-02,-3.80454436e-02,-4.52612527e-02,-2.14001127e-02,-6.88771605e-02,-6.86424673e-02,-5.87344132e-02,-8.11643749e-02,-4.58431132e-02,-1.09372824e-01,-4.26659547e-02,-4.62376475e-02,-5.52524775e-02,-8.44955742e-02,-6.43277615e-02,-7.09516555e-02,-1.21499248e-01,-6.93469197e-02,-2.32831333e-02,-1.00068688e-01,-2.83758696e-02,-5.97448163e-02,-4.72860783e-02,-1.20284930e-01,-9.27821770e-02,-8.91634896e-02,-4.60687764e-02,-5.76198921e-02,-1.07727118e-01,-7.13216066e-02,-1.12164199e-01,-8.98771510e-02,-8.11359882e-02,-3.85728665e-02,-7.87420198e-02,-9.29144546e-02,-6.79373592e-02,-4.23033796e-02,-8.44784006e-02,-6.08292855e-02,-9.34280381e-02,-6.82526752e-02,-5.46335205e-02,1.32568136e-01,7.74222791e-01,-8.21749270e-02,-7.53037557e-02
-5.49551547e-02,-1.91342711e-01,1.22454488e+00,-3.17521542e-01,-8.31615925e-02,-5.00652604e-02,-1.27825826e-01,-3.83267105e-02,-5.81506416e-02,-5.64177409e-02,-4.62259129e-02,-6.22543283e-02,-7.00538605e-02,-5.44556826e-02,-6.70405403e-02,-3.30682322e-02,-1.01463109e-01,-4.66265902e-02,-1.00810133e-01,-5.76927625e-02,-7.62082860e-02,-7.90058300e-02,-7.19367638e-02,-4.75914404e-02,-5.94141819e-02,-2.11864468e-02,-5.63114509e-02,-5.45567237e-02,-6.74278364e-02,-9.51621532e-02,-8.36396590e-02,-4.39052880e-02,-5.05188443e-02,-3.55106853e-02,-5.85913472e-02,-3.05498801e-02,-8.20953473e-02,-8.63106474e-02,-8.74542668e-02,-7.76555091e-02,-9.61085036e-02,-6.67853355e-02,-7.52947181e-02,-7.46102035e-02,-4.61532325e-02,-4.03680392e-02,-6.84264377e-02,-3.66505384e-02,-5.47435023e-02,-1.01380236e-01,-3.12858187e-02,-8.44034851e-02,-3.41949128e-02,-9.19606462e-02,-6.10609241e-02,-4.55415435e-02,-7.56042451e-02,-9.34380665e-02,-4.16625403e-02,-7.20543191e-02,-5.75256310e-02,-4.86334339e-02,-9.49885920e-02,-7.54326507e-02,-4.88847587e-03,-4.82231416e-02,-8.08310136e-02,-4.30555120e-02,-3.20057943e-02,-4.78496328e-02,-5.58000132e-02,-7.11827576e-02,-7.35113248e-02,-4.17917371e-02,-5.06164320e-02,-8.28706995e-02,-7.26891756e-02,-3.39999527e-01,1.26714396e+00,-1.97565988e-01,-3.33469398e-02
-5.72768748e-02,-3.26262891e-01,8.02209795e-01,-1.79280818e-01,-6.29351288e-02,-5.16730286e-02,-4.05338705e-02,-4.76733185e-02,-7.78454617e-02,-4.84958068e-02,-2.91234441e-02,-9.30318683e-02,-8.09203833e-02,-5.79906106e-02,-2.78616548e-02,-6.06483221e-02,-7.01687112e-02,-5.37211485e-02,-6.66050464e-02,-8.12208131e-02,-7.51106292e-02,-7.03664124e-02,-7.80006200e-02,-1.18759178e-01,-3.30569297e-02,-5.32487966e-02,-1.66788138e-02,-5.85961863e-02,-5.86424656e-02,-9.70322937e-02,-7.24310800e-02,-1.88950654e-02,-6.35651425e-02,-3.43706012e-02,-6.98821619e-02,-8.39361474e-02,-3.25541459e-02,-9.93388593e-02,-3.78871225e-02,-8.83678198e-02,-1.95895024e-02,-4.46886048e-02,-3.97751257e-02,-2.86829397e-02,-3.51121575e-02,-5.46777882e-02,-7.93841947e-03,-2.32886281e-02,-7.01376870e-02,-8.74885917e-02,-6.06302842e-02,-1.39617370e-02,-7.36623555e-02,-9.18185636e-02,-5.00955097e-02,-5.39628752e-02,-6.54438436e-02,-2.86784507e-02,-3.66870314e-02,-4.42333072e-02,5.67197334e-04,-7.05429241e-02,-6.57363310e-02,-4.73569073e-02,-1.06052928e-01,-1.27199858e-01,-6.48256838e-02,-7.31831491e-02,-1.07478417e-01,-7.69275501e-02,-1.50660053e-02,-7.72385374e-02,-9.26755294e-02,-5.60011901e-02,-7.04129040e-02,-7.34974667e-02,-3.14798467e-02,-1.86187625e-01,8.11147332e-01,-3.36077183e-01,-2.51839142e-02
-6.41485676e-02,1.70664728e-01,1.36718959e-01,-3.30602340e-02,7.42368447e-03,-1.15474492e-01,-3.00206691e-02,-5.70001565e-02,-9.65503976e-02,-5.47877699e-02,-6.15697242e-02,-7.49552175e-02,-4.03547436e-02,-6.87964410e-02,-1.99213065e-02,-5.57325631e-02,-5.25037870e-02,-7.94279277e-02,-8.14635232e-02,-6.59794062e-02,-8.38443115e-02,-5.22527173e-02,-6.18714094e-02,-6.37856126e-02,-4.34994549e-02,-6.93019927e-02,-2.16788668e-02,-7.22698122e-02,-6.50470108e-02,-3.43012400e-02,-7.85214528e-02,-3.43619995e-02,-3.67652886e-02,-3.96361016e-02,-5.78740314e-02,-4.66762222e-02,-6.34047613e-02,-1.67189483e-02,-4.94973063e-02,-4.70235907e-02,-3.92285697e-02,-6.59430996e-02,-5.55060618e-02,-9.54858065e-02,-2.67072842e-02,-5.19123226e-02,-4.08167280e-02,-2.40854286e-02,-5.14841229e-02,-5.09593561e-02,-7.25389197e-02,-8.87844563e-02,-4.27837595e-02,-4.14814912e-02,-6.31786138e-02,-4.55453731e-02,-5.13045825e-02,-2.81361658e-02,-3.50558683e-02,-5.04066609e-02,-6.46327063e-02,-6.54544607e-02,-8.42416808e-02,-7.53252804e-02,-5.03671020e-02,-3.25731561e-02,-6.18043654e-02,-5.29690385e-02,-8.63982961e-02,-6.37993887e-02,-6.01968095e-02,-4.55419309e-02,-4.12146635e-02,-4.96228673e-02,-6.94565400e-02,-8.05743262e-02,-4.16779071e-02,-8.92551988e-02,1.26362488e-01,1.17262550e-01,-1.41871553e-02
-1.72512233e-01,8.71813715e-01,-2.98647672e-01,-3.58871706e-02,-5.16311191e-02,-3.26413587e-02,-1.30167929e-02,-8.35312903e-02,-4.45859209e-02,-5.81293963e-02,-5.64452037e-02,-9.09640044e-02,-2.19631139e-02,-4.39401530e-02,-2.30391268e-02,-4.70237508e-02,-3.08556817e-02,-2.12241765e-02,-6.54208064e-02,-8.58768374e-02,-4.80575003e-02,-7.83807635e-02,-2.95676738e-02,-6.46142513e-02,-4.71840091e-02,-9.83033106e-02,-7.83410743e-02,-3.62267904e-02,-4.56313305e-02,-5.61542176e-02,-6.64830357e-02,-5.74127138e-02,-9.82168987e-02,-5.85252382e-02,-5.29301018e-02,-2.89001502e-02,-3.54095548e-02,-5.98432645e-02,-3.08800358e-02,-5.64728230e-02,-5.45743927e-02,-4.93376777e-02,-1.35848783e-02,1.90737972e-03,-2.63857339e-02,-4.50600982e-02,-5.74330054e-02,-7.50815123e-02,-7.81673789e-02,-4.77229692e-02,2.96860235e-03,-1.55892717e-02,-7.15098009e-02,6.39714859e-03,-7.21751824e-02,-1.50050046e-02,-6.23510592e-02,-2.67042816e-02,-6.44469783e-02,-5.32687157e-02,-5.33320531e-02,-8.01567063e-02,-6.24837428e-02,-7.59470984e-02,-4.88460287e-02,-8.02056342e-02,-9.34055448e-03,-2.44192965e-02,-3.32616866e-02,-5.29714711e-02,-2.32582111e-02,-1.74317937e-02,-1.41085414e-02,-6.22600876e-02,-6.37706444e-02,-3.88040170e-02,8.31469707e-03,-5.38050905e-02,-3.29461455e-01,8.41221392e-01,-1.83065504e-01
-2.93555170e-01,1.26458168e+00,-2.07332447e-01,-2.58424673e-02,-3.16740805e-03,2.94697173e-02,-2.69714631e-02,-2.66889799e-02,-4.95080799e-02,7.07560312e-03,-8.71676728e-02,-6.92889541e-02,-2.41563469e-02,-4.32870500e-02,-2.75869984e-02,-5.21176308e-02,-6.62028268e-02,-1.39715066e-02,-4.58711460e-02,-5.64000160e-02,-6.13422319e-02,-4.69408296e-02,-5.14748879e-02,-4.74847853e-02,-2.93634031e-02,-1.89030636e-03,-1.41652888e-02,-5.64360991e-02,-4.24020067e-02,-7.54453540e-02,-2.37817522e-02,-2.04780791e-03,-8.69467948e-03,-1.37964787e-03,-9.07006674e-03,-6.65746406e-02,-3.90102491e-02,-1.64730661e-02,-7.65047148e-02,-2.83661541e-02,-5.22429962e-03,-4.48601767e-02,-5.17386273e-02,1.41213620e-02,-2.00361405e-02,-4.41262722e-02,-3.48931774e-02,-2.86607407e-02,-4.02331091e-02,-4.86521609e-02,-4.50554267e-02,-5.92943355e-02,-3.73054016e-03,-1.23184233e-03,-5.44662289e-02,-3.08030862e-02,-4.88668382e-02,-2.70392336e-02,-2.10169936e-03,-5.14335036e-02,-2.41543371e-02,-4.65175696e-02,-4.67970967e-02,-4.16621333e-03,-5.33548035e-02,1.25757260e-02,-1.15499385e-02,-5.03335744e-02,-1.58364791e-02,-2.49337889e-02,-3.81969959e-02,-3.36978808e-02,-3.31159569e-02,-9.53878537e-02,-3.91208865e-02,-6.11263104e-02,-2.37371661e-02,-3.44021097e-02,-1.66866720e-01,1.19287837e+00,-3.54396850e-01
1.47352904e-01,8.53529334e-01,-9.16768052e-03,1.35250380e-02,-1.44501543e-02,-2.83088125e-02,-6.90299422e-02,-5.11815734e-02,-4.80632149e-02,-1.39943128e-02,-4.60571349e-02,-2.88248751e-02,3.59917921e-03,2.53268722e-02,-3.34344506e-02,-3.96537893e-02,-3.31923030e-02,-3.91988456e-02,-3.43327522e-02,-3.38069606e-03,-4.14832756e-02,-8.30908865e-02,-8.69124085e-02,-5.71306236e-02,-6.78870678e-02,-8.15511867e-02,-4.32558209e-02,-2.20970679e-02,-2.18411330e-02,-2.52494831e-02,-4.70914692e-02,-2.03401148e-02,1.03566805e-02,7.81458803e-03,-5.43902032e-02,-4.79445048e-02,-1.53405210e-02,-8.04218464e-03,-5.78673035e-02,-7.10799918e-02,-1.40857957e-02,-2.85705756e-02,-7.60305002e-02,-3.17284279e-02,-1.83017440e-02,6.36670878e-03,-9.61297303e-02,-7.12114424e-02,2.24175788e-02,-4.85849306e-02,-7.46734664e-02,-2.37801205e-02,5.70704183e-03,-5.05469032e-02,-3.71925831e-02,-4.47715670e-02,9.07177851e-03,-3.41503210e-02,-4.62670438e-02,-4.29378599e-02,-4.70937043e-02,-1.12150647e-01,-4.38227057e-02,-2.09210739e-02,-6.69622943e-02,-7.27610886e-02,-4.71970811e-03,-7.11888671e-02,-3.10175400e-02,-3.42095122e-02,-3.32631171e-02,-8.26462358e-02,-3.35319601e-02,-3.49691547e-02,-3.76427993e-02,-9.86552145e-03,-1.80475898e-02,-5.72750233e-02,-2.79460521e-03,8.35031986e-01,1.37799233e-01
8.53619277e-01,1.38026610e-01,5.56325656e-04,-3.21567617e-02,-1.54782906e-02,1.18903909e-03,-2.98666069e-03,-4.18416783e-02,-7.11190030e-02,-4.13985401e-02,-1.49087282e-02,-1.89155375e-03,7.12405564e-03,3.47842905e-03,-3.46474275e-02,-8.29388201e-03,-6.59710094e-02,-2.72229444e-02,-3.04907113e-02,-5.31646274e-02,-4.00402322e-02,-1.96903422e-02,3.07052024e-03,-1.86658353e-02,-4.18166444e-02,-6.51284456e-02,-1.70805212e-02,-1.86076611e-02,-6.31676391e-02,-2.44666487e-02,-3.45401652e-02,-3.80015261e-02,-3.20407525e-02,-2.98103727e-02,-6.99686781e-02,7.30403326e-03,-2.14410592e-02,-8.41165951e-04,-3.64764594e-02,-2.07938813e-02,-3.00473114e-03,4.15512025e-02,-6.59802742e-03,-2.88949274e-02,-4.93359193e-02,-3.17631923e-02,-4.83427905e-02,-8.30935780e-03,8.50327872e-03,3.39265214e-03,-4.44699563e-02,-4.33217324e-02,-3.67689356e-02,-4.16912958e-02,-3.45214084e-02,-1.53892469e-02,-5.27399331e-02,-4.47776802e-02,-9.16411262e-03,-4.37954478e-02,-3.76471393e-02,-2.86489297e-02,-3.82558368e-02,-6.01777714e-03,-1.36606777e-02,-4.87669818e-02,-1.93597190e-02,4.75527067e-03,-3.98832140e-03,-4.07232232e-02,-6.51217923e-02,1.47871999e-02,-2.04014145e-02,-5.39103933e-02,-4.31241095e-02,-3.05105746e-02,-1.97100397e-02,-1.22440485e-02,9.93455574e-03,1.58782020e-01,8.48652720e-01
1.30575454e+00,-2.94267267e-01,3.51329427e-03,1.02223258e-03,-4.38552955e-03,-9.33802780e-03,-4.19290597e-03,-9.80934687e-03,-1.64951589e-02,-7.23269060e-02,-5.55119514e-02,-3.20529602e-02,-2.92605720e-02,-1.57112237e-02,-4.31426652e-02,-8.22525751e-03,6.92671398e-03,-5.70084602e-02,-1.50376689e-02,-2.56003924e-02,-2.15714462e-02,-2.01292392e-02,-1.67118739e-02,-2.31147092e-02,-7.23402277e-02,-2.88909562e-02,-5.98065220e-02,-3.84992957e-02,7.81857781e-03,-1.72540527e-02,3.06371059e-02,1.48712925e-03,-4.39458946e-03,-5.54583184e-02,-3.14072110e-02,-4.75127697e-02,-2.83784140e-02,-2.05782503e-02,-3.91658247e-02,-1.34589151e-02,2.47129146e-02,-1.57866906e-02,-3.32136415e-02,-9.93534736e-03,-4.53595072e-03,-1.69692822e-02,7.31402962e-03,-3.11624575e-02,-6.72080219e-02,-5.16289361e-02,-3.67997843e-03,-3.26760262e-02,-3.58728953e-02,-3.98339629e-02,-6.39695162e-03,-5.64394183e-02,3.69784273e-02,-4.52337414e-02,-3.73004004e-02,-4.67731915e-02,-5.17199375e-03,-4.23077047e-02,-4.79423665e-02,-5.53871840e-02,-7.17830658e-02,-4.03571688e-02,-5.64357615e-04,-2.79605128e-02,-5.82757555e-02,2.15688907e-02,-6.89427508e-03,-3.43477502e-02,-1.70747172e-02,1.64559837e-02,1.63990129e-02,-1.17009357e-02,-4.23763692e-02,3.74159291e-02,-9.23796184e-03,-2.99056053e-01,1.28213930e+00
8.88247907e-01,-1.42002001e-01,-8.66046268e-03,8.17635749e-03,2.70766504e-02,1.25694154e-02,-1.77353211e-02,-1.52464872e-02,-3.00840810e-02,9.27355792e-03,-3.55196148e-02,-6.33904897e-03,-4.28457856e-02,-2.72150598e-02,5.75867807e-03,-6.72514588e-02,-4.81797233e-02,-4.29864833e-03,-1.44663109e-02,-6.45936057e-02,-5.35346307e-02,1.00808640e-04,-3.68105583e-02,1.97733324e-02,-9.52722970e-03,-2.71496866e-02,-1.67898722e-02,-4.85243052e-02,1.77706536e-02,-5.91777405e-03,-3.19834836e-02,-5.49070211e-03,-2.93274578e-02,1.11854924e-02,1.51676144e-02,-2.27527320e-02,-5.32155782e-02,-1.33601278e-02,1.78177301e-02,3.82895302e-03,1.38487918e-02,-8.08885768e-02,1.90140773e-02,-2.49033272e-02,1.73519254e-02,-2.73148492e-02,-4.69068922e-02,-1.49091557e-02,-8.16342514e-03,-1.32783391e-02,2.61748373e-03,1.41115710e-02,2.15234794e-02,1.75089166e-02,-2.08656695e-02,-2.51377262e-02,-4.15746346e-02,1.24075906e-02,-3.62179950e-02,2.76651438e-02,-3.19396262e-03,-4.01884094e-02,2.80228984e-02,1.46515658e-02,-3.03927995e-02,-5.52767180e-02,-1.40145263e-02,-1.42043252e-02,4.69934847e-03,-2.65148561e-02,-4.21525948e-02,-2.73576528e-02,-2.54186653e-02,-5.25804497e-02,2.10491419e-02,1.94963273e-02,-1.49470326e-02,-3.44445836e-03,-6.30951067e-03,-1.83412760e-01,8.29190493e-01
1.52326286e-01,-5.53915976e-03,-1.00399395e-02,1.23432130e-02,-2.55097337e-02,-2.67291088e-02,2.10722834e-02,6.96162740e-03,1.80588383e-02,3.92249711e-02,-1.70542812e-03,-3.57052423e-02,-3.96543220e-02,-1.10299187e-02,-8.61991313e-04,-6.13967143e-03,-3.91009822e-02,2.00865464e-03,6.13979064e-02,2.46155821e-02,6.21418143e-03,-1.73126999e-02,-8.75928532e-03,-1.17660640e-02,-2.01442428e-02,2.52562389e-02,1.02110729e-02,-4.44928929e-02,5.82313119e-03,-2.57806610e-02,-3.99061926e-02,7.86331203e-03,-4.78385538e-02,-1.06577026e-02,6.91140303e-03,-3.48590650e-02,-9.82003566e-03,-1.13110542e-02,-8.48377310e-03,-5.29053584e-02,1.11218803e-02,1.39192576e-02,5.91694470e-03,2.74658166e-02,-3.50652523e-02,-6.40479987e-03,-1.06010084e-04,1.04109803e-02,1.94120016e-02,-1.39254676e-02,-2.68042809e-03,-4.80059488e-03,1.23871677e-02,1.56192193e-02,-1.23704933e-02,-1.53519111e-02,6.56599086e-03,-7.35181558e-04,-1.44599490e-02,-4.25769500e-02,-1.88908093e-02,2.51068752e-02,-6.38591405e-03,-2.65873736e-03,1.52069284e-02,1.14499694e-02,2.14931741e-02,6.33213436e-03,-4.62436583e-03,-2.72930544e-02,-2.06809677e-02,-1.08461538e-02,2.14775745e-02,2.86513604e-02,6.96690707e-03,4.93331924e-02,-4.49574180e-02,4.21626642e-02,6.59436267e-03,3.80230881e-02,2.43255079e-01
-2.58188546e-01,4.54482771e-02,-2.42278930e-02,-2.74778972e-03,-2.54051713e-03,4.83343937e-02,3.32168333e-04,-1.67640541e-02,1.65826082e-02,1.74978338e-02,-6.05736021e-03,1.47607345e-02,3.70468535e-02,-1.83712635e-02,-6.67360332e-03,3.41772214e-02,-4.29961681e-02,2.72052316e-03,2.12833565e-02,-2.60541141e-02,2.61969622e-02,1.71716493e-02,-2.13798806e-02,4.16317582e-02,-6.51818118e-04,4.64567216e-03,1.64523199e-02,1.17411418e-02,1.63425785e-02,-1.43624395e-02,4.22930941e-02,-7.27838418e-03,1.91138610e-02,-3.61369981e-04,-1.18184928e-02,3.62642598e-03,3.86316702e-03,1.55772478e-03,1.37837715e-02,2.02452056e-02,7.08844373e-03,-4.97183390e-03,2.55676843e-02,2.04604212e-02,-8.14732444e-03,-1.75482258e-02,1.45691494e-03,-3.69306915e-02,-8.90272390e-03,-1.07236672e-02,-5.01518371e-03,3.27935256e-02,2.96897851e-02,3.55943255e-02,-9.25892405e-03,-1.93675440e-02,-1.53738679e-02,3.07809114e-02,-3.28475498e-02,-2.65896320e-02,2.16727685e-02,8.99114739e-03,-2.77283713e-02,-3.29563767e-02,-4.93067354e-02,2.77113020e-02,-2.32716016e-02,1.06481584e-02,2.08216924e-02,4.00542542e-02,-8.38571694e-03,-2.95272004e-02,-2.34424807e-02,-3.88947763e-02,-4.89933882e-03,-3.03089507e-02,4.36967202e-02,4.02511470e-02,-3.03937569e-02,2.92446334e-02,-2.62615323e-01
-8.21076408e-02,-8.88609607e-03,1.31971464e-02,2.23464966e-02,-2.07482893e-02,6.70770556e-02,2.03948244e-02,-1.58597119e-02,2.80508981e-03,3.66578139e-02,1.76196713e-02,1.50915114e-02,1.61654782e-02,1.27370171e-02,2.84673125e-02,9.14820936e-03,1.89668257e-02,-1.31079173e-02,2.71768607e-02,1.04037542e-02,3.89781632e-02,1.85624380e-02,-5.98784387e-02,2.40193098e-03,-3.53831761e-02,-6.35616761e-03,2.78332792e-02,2.79377718e-02,2.54161805e-02,1.80190746e-02,-2.78144535e-02,-6.81874668e-03,3.80223170e-02,5.40303206e-03,-3.10451700e-03,5.13133034e-03,1.63979698e-02,6.12126589e-02,1.45466421e-02,-1.74257085e-02,-6.26847753e-03,-1.66563373e-02,-2.11109538e-02,2.14585811e-02,1.16210170e-02,2.67109815e-02,1.10367136e-02,4.77927364e-02,3.99967916e-02,-6.03117375e-03,5.51139824e-02,1.29559496e-02,1.10665485e-02,-3.29914093e-02,1.17774932e-02,8.02265294e-03,-1.16823111e-02,3.78970727e-02,-1.43552152e-02,6.14986904e-02,2.22877599e-02,-2.16578040e-03,-2.18586922e-02,3.58398212e-03,3.35652754e-02,2.44392958e-02,-8.93143099e-03,4.89784451e-03,-9.31174261e-04,1.29232481e-02,1.08135992e-03,2.10593976e-02,4.53430600e-02,2.07616817e-02,2.20715371e-03,9.10587516e-03,3.82293798e-02,-3.62437521e-03,-1.97742507e-03,-3.83379906e-02,-1.16690792e-01
4.54765297e-02,2.61353292e-02,-1.45429578e-02,4.95079644e-02,5.67418188e-02,-1.95552292e-03,3.20400186e-02,3.43729071e-02,-3.09992768e-03,3.51001211e-02,4.85822111e-02,-2.42985506e-02,3.31968516e-02,2.22861785e-02,6.34600781e-03,1.97716430e-02,-2.65528616e-02,-1.51180215e-02,-7.91757600e-04,-6.67039584e-03,8.66160146e-04,3.02875265e-02,7.52783753e-03,-1.60789043e-02,-1.36605958e-02,6.26048958e-03,-1.49596892e-02,-1.72247011e-02,6.62678527e-03,-5.12504252e-04,1.76509861e-02,2.06540264e-02,7.02193454e-02,2.57604420e-02,5.86663410e-02,7.77579658e-03,-2.03787591e-02,2.02008546e-03,5.36514670e-02,7.80386627e-02,2.56953780e-02,9.15263593e-03,4.99129705e-02,1.35944821e-02,-1.50552019e-02,5.22130216e-03,1.98996812e-02,2.60710083e-02,-5.60429040e-03,9.85670602e-04,5.65196062e-03,4.60733399e-02,4.17932756e-02,2.87639699e-03,2.60672974e-03,2.71100923e-02,-2.00983845e-02,2.57351026e-02,3.21694352e-02,4.29828987e-02,1.86255686e-02,2.86473315e-02,2.11170390e-02,1.89899355e-02,2.53448561e-02,-3.58391777e-02,2.76975445e-02,1.57195684e-02,3.24750841e-02,-2.80464301e-03,-3.32181901e-02,-2.76221577e-02,2.05589104e-02,4.77967709e-02,4.10103500e-02,2.55317930e-02,3.85890231e-02,4.32488024e-02,-6.66029518e-04,2.07708273e-02,1.74541902e-02
5.12809143e-04,4.58928794e-02,3.79085168e-03,1.14500737e-02,4.08184016e-03,1.76285170e-02,2.35102233e-02,2.77956412e-03,3.17354873e-02,3.46760899e-02,3.67650352e-02,1.39340553e-02,2.43009478e-02,3.66315655e-02,1.28377369e-02,-2.45480123e-03,1.24591086e-02,2.08867900e-02,2.05248185e-02,5.01540154e-02,3.83443683e-02,1.90708227e-02,-3.99404875e-04,7.12309256e-02,2.97630690e-02,8.14069714e-03,4.61397767e-02,4.94603775e-02,1.84000880e-02,2.05229614e-02,1.06709851e-02,5.99525832e-02,4.20348197e-02,4.64509539e-02,5.14303185e-02,3.88687700e-02,4.83910888e-02,4.84221801e-02,5.18973842e-02,1.03810197e-02,1.90284159e-02,-2.03720760e-02,3.77683155e-02,3.61054912e-02,7.72867799e-02,4.00952287e-02,3.15462574e-02,4.17787060e-02,6.88514486e-02,2.76471023e-02,6.39239028e-02,4.69808057e-02,4.87467907e-02,9.24250484e-03,6.77899793e-02,4.55372110e-02,4.82523143e-02,1.08574983e-02,1.59810502e-02,-3.08432654e-02,1.48701025e-02,5.67615069e-02,-1.51959388e-02,4.88886870e-02,-1.07036047e-02,-5.45238284e-03,2.24828497e-02,5.33126928e-02,1.10175302e-02,1.35033801e-02,-2.19512563e-02,4.73442785e-02,2.73478348e-02,8.47280100e-02,4.92505468e-02,2.27870718e-02,6.01223148e-02,1.00642564e-02,-3.29190716e-02,7.33414739e-02,2.62584500e-02
5.01405671e-02,3.35437208e-02,1.19699053e-02,5.60475811e-02,2.94862911e-02,6.73657656e-02,6.39901832e-02,1.02039436e-02,5.41681610e-02,4.21359017e-02,4.14837413e-02,3.92356589e-02,4.00565155e-02,1.20264729e-02,5.06530628e-02,-9.74970590e-03,4.54254560e-02,9.77273583e-02,3.69289517e-02,1.57097541e-02,2.94956174e-02,3.71189765e-03,-1.72293615e-02,2.10899697e-03,4.51248735e-02,3.52441473e-03,5.23213111e-02,2.64245141e-02,2.94086952e-02,2.39723213e-02,4.12936546e-02,-4.31545684e-03,4.15900983e-02,2.97920834e-02,6.36727512e-02,5.80800101e-02,6.08218508e-03,3.98580693e-02,3.40453573e-02,4.17685062e-02,2.56267246e-02,5.15508056e-02,3.61263715e-02,6.14106096e-02,4.16533425e-02,2.64979340e-02,1.79084893e-02,6.50177598e-02,2.57528499e-02,5.88690080e-02,8.77292734e-03,1.01102777e-02,5.55516072e-02,2.48407386e-02,2.05183979e-02,2.58938204e-02,5.40448353e-02,7.11875642e-03,3.17183249e-02,4.83566597e-02,5.06625772e-02,5.19991927e-02,5.20259440e-02,-4.76615690e-03,1.34025645e-02,2.79390886e-02,7.85771161e-02,5.09908721e-02,5.90610579e-02,2.94372402e-02,3.74269076e-02,6.57822415e-02,7.67386407e-02,1.78077538e-02,3.86494808e-02,5.78094199e-02,4.83648889e-02,5.83941787e-02,6.49573058e-02,2.22659223e-02,4.92236167e-02
9.18612778e-02,7.69179761e-02,4.91454415e-02,2.02460550e-02,6.21959791e-02,1.87865663e-02,4.77002189e-02,5.22666611e-02,5.77132916e-03,3.25189680e-02,5.71968481e-02,4.27135788e-02,4.06976044e-03,6.97012767e-02,3.89587209e-02,1.45005397e-02,3.37618077e-03,7.25779459e-02,4.61638421e-02,2.31014006e-02,6.23478703e-02,3.39839309e-02,6.98856041e-02,1.72630586e-02,-1.27826603e-02,7.29546472e-02,5.99583872e-02,1.72283538e-02,6.03734851e-02,-4.20360593e-03,3.42853442e-02,2.01270506e-02,2.67579630e-02,3.68683636e-02,4.16119732e-02,3.72309238e-02,6.04652315e-02,4.42943983e-02,7.83626661e-02,6.19082041e-02,2.79394779e-02,9.51477885e-03,5.10888211e-02,1.97059456e-02,4.24685478e-02,8.43597203e-02,4.12624888e-02,4.65973504e-02,1.72190424e-02,5.62006198e-02,3.99106070e-02,2.30115801e-02,6.21343255e-02,8.18040669e-02,6.91522062e-02,5.37143610e-02,2.60876697e-02,5.61107360e-02,4.44316231e-02,7.29561225e-03,1.35028129e-02,6.31072670e-02,4.69640642e-02,5.72661981e-02,1.15604065e-02,4.26791348e-02,5.38973920e-02,4.76045422e-02,9.41917524e-02,5.55896647e-02,2.12420635e-02,3.33626568e-02,1.02851100e-01,1.14144512e-01,8.20046291e-02,8.29266906e-02,3.82629894e-02,7.01202303e-02,5.03082909e-02,6.36113137e-02,4.07812782e-02
5.27739897e-02,4.04876396e-02,-5.42849349e-03,-1.19947009e-02,4.52177823e-02,6.27823919e-02,5.44730611e-02,6.07134178e-02,-1.80014819e-02,4.21221443e-02,9.30326711e-03,4.68192101e-02,4.23500650e-02,6.43804595e-02,6.29428849e-02,8.01888257e-02,2.85971370e-02,4.19684723e-02,8.66707787e-02,1.13095947e-01,5.89515939e-02,4.22749631e-02,4.41904739e-02,2.48028524e-02,6.16686605e-02,2.78364327e-02,5.27843758e-02,3.48421112e-02,3.97197753e-02,1.40988352e-02,5.53252287e-02,9.53790247e-02,5.11080101e-02,6.20036572e-02,5.45771755e-02,9.12413970e-02,4.53413799e-02,5.00281192e-02,2.28654519e-02,7.60754272e-02,3.62269841e-02,4.65718471e-02,3.62193137e-02,3.50847840e-02,7.80895054e-02,5.81004359e-02,6.10172674e-02,2.46190242e-02,1.87246110e-02,2.22274344e-02,4.56031375e-02,2.33158115e-02,2.14629658e-02,3.40483673e-02,6.61332309e-02,5.96090630e-02,8.97473246e-02,9.73620415e-02,9.54895243e-02,3.47598344e-02,6.04417808e-02,3.42803560e-02,-1.84379285e-03,6.80736527e-02,4.00190838e-02,6.28157929e-02,3.56509611e-02,6.15943223e-02,3.08814347e-02,7.03861937e-02,6.26168996e-02,3.21898945e-02,6.77258968e-02,4.58951853e-02,4.86913249e-02,4.65196930e-02,7.44276792e-02,4.94478329e-04,4.71983626e-02,5.80830202e-02,4.66850847e-02
7.28140995e-02,8.65738839e-02,1.03444047e-01,7.48769417e-02,2.00399272e-02,5.69822192e-02,4.90648411e-02,7.25843683e-02,3.92684564e-02,3.07488628e-02,4.50112037e-02,-4.86687524e-03,6.52907416e-02,6.24690317e-02,6.12719394e-02,8.41682404e-02,5.89899942e-02,7.91916475e-02,3.24266069e-02,8.14684853e-02,8.30502734e-02,6.10344894e-02,6.24722056e-02,7.27660134e-02,4.17579412e-02,6.83525801e-02,5.82425594e-02,3.17916051e-02,7.08292052e-02,6.11357167e-02,4.21132371e-02,9.76024419e-02,1.98133825e-03,7.74178430e-02,5.93424588e-02,7.69123957e-02,6.11706525e-02,5.39394282e-02,4.80126701e-02,9.22262594e-02,4.80892286e-02,3.48131470e-02,6.25454932e-02,8.33343714e-02,8.35855976e-02,7.21052736e-02,6.41808510e-02,8.88856277e-02,6.84761107e-02,3.63973901e-02,2.41520498e-02,3.89595516e-02,1.85646880e-02,2.01539248e-02,6.91275224e-02,5.97483441e-02,6.56855404e-02,2.17182338e-02,7.39681646e-02,6.01399504e-02,5.34735918e-02,9.41338316e-02,5.16501851e-02,9.03635398e-02,2.73843352e-02,7.11431354e-02,9.89527721e-03,6.62796274e-02,5.43180667e-02,5.77360950e-02,8.64009038e-02,8.96675512e-02,6.93509951e-02,4.53622714e-02,-7.19637610e-04,5.47000691e-02,3.47882323e-02,5.67635074e-02,5.17620593e-02,7.06579909e-02,4.51431982e-02
8.66497606e-02,6.01853207e-02,9.95969325e-02,3.61144766e-02,6.66043237e-02,7.61421695e-02,6.11591078e-02,3.36102471e-02,4.84362319e-02,6.84778318e-02,6.90612793e-02,1.79138109e-02,7.52246976e-02,7.61603937e-02,1.09162673e-01,5.31630926e-02,5.16002364e-02,3.64512354e-02,4.93302904e-02,9.89605710e-02,6.98597506e-02,5.60823269e-02,9.47589725e-02,4.39437591e-02,8.43815133e-02,3.41265425e-02,7.70563483e-02,3.75321694e-02,3.42022888e-02,8.92290175e-02,5.70475496e-02,8.20914432e-02,6.51388392e-02,1.24036081e-01,4.65264581e-02,7.25418180e-02,7.63829201e-02,7.66464993e-02,9.28361043e-02,7.51204267e-02,3.69709246e-02,6.90896958e-02,7.90665969e-02,3.95211466e-02,1.50639806e-02,7.70998746e-02,9.33236033e-02,8.26730132e-02,7.75713250e-02,6.10665083e-02,6.13833703e-02,5.03808409e-02,5.46711013e-02,7.20070973e-02,3.80684063e-02,9.00595412e-02,8.27415064e-02,7.55041689e-02,8.45724568e-02,4.20371257e-02,1.07010320e-01,6.03701286e-02,6.28344715e-03,5.32869920e-02,4.25767042e-02,9.58402455e-02,6.42368793e-02,5.89625090e-02,-5.02702454e-03,6.82898387e-02,2.56290343e-02,7.60913864e-02,1.05649509e-01,4.43323962e-02,5.52489273e-02,5.75981438e-02,5.60304895e-03,7.49527141e-02,8.54877681e-02,4.65137772e-02,7.02712014e-02
9.34905708e-02,9.16949287e-02,8.39945376e-02,3.86649333e-02,9.18679610e-02,6.52491301e-02,9.48064849e-02,8.30884576e-02,8.05225074e-02,9.95508358e-02,1.06900096e-01,6.84237853e-02,8.89999047e-02,1.00432716e-01,4.90108095e-02,8.79971609e-02,8.19364637e-02,3.29775587e-02,9.09755901e-02,3.61864418e-02,5.56594245e-02,8.92120078e-02,6.87834397e-02,1.01856567e-01,2.78912578e-02,5.35413772e-02,4.07823659e-02,9.21503827e-02,1.04173064e-01,6.69900626e-02,5.79544902e-02,6.70809373e-02,9.68556032e-02,4.22687866e-02,9.57421958e-02,8.45446512e-02,8.24183449e-02,5.23418747e-02,7.32271299e-02,1.08365744e-01,1.05827361e-01,4.30019870e-02,7.87497535e-02,1.11020073e-01,8.94463807e-02,6.16296642e-02,1.04622960e-01,7.87302107e-02,1.14382796e-01,7.52139539e-02,7.66265020e-02,8.31466243e-02,1.09121278e-01,7.30133578e-02,7.37087727e-02,4.54329960e-02,7.84631371e-02,8.98765996e-02,5.06731682e-02,1.03732854e-01,6.24261945e-02,6.34495169e-02,5.59096746e-02,4.28308845e-02,8.71689245e-02,7.43444785e-02,4.73182760e-02,5.79051934e-02,7.36494958e-02,1.00536682e-01,6.26479536e-02,5.92542440e-02,1.00199468e-01,1.19160309e-01,2.98199430e-02,7.52092451e-02,8.25119317e-02,3.85815166e-02,1.14270836e-01,5.75296283e-02,1.01151012e-01
1.21365674e-01,1.19201176e-01,7.44033605e-02,8.94774571e-02,2.03643814e-02,1.07897252e-01,1.04776658e-01,8.56031179e-02,9.62566510e-02,8.51591751e-02,8.71800706e-02,5.87950274e-02,9.40850452e-02,9.33439806e-02,8.20661932e-02,1.51246125e-02,6.49208724e-02,1.17453597e-01,6.20743297e-02,8.62459764e-02,8.38756114e-02,8.86427164e-02,8.36972445e-02,1.01739295e-01,1.19855121e-01,8.13411847e-02,7.63365924e-02,7.19080120e-02,1.31185651e-01,6.50387779e-02,5.65690994e-02,8.10868368e-02,8.65930542e-02,1.10247456e-01,5.00641577e-02,3.30773629e-02,9.42534581e-02,3.23689952e-02,1.21987261e-01,4.72442545e-02,9.10664946e-02,1.16157137e-01,1.01403661e-01,4.84789647e-02,7.97909126e-02,1.05038837e-01,1.18257910e-01,5.93642406e-02,7.84779862e-02,7.00998828e-02,8.33198130e-02,9.45816785e-02,7.27197826e-02,2.69815326e-02,7.30171278e-02,2.38224585e-02,3.64769585e-02,1.00145400e-01,9.63255912e-02,8.50146711e-02,1.00815617e-01,8.59103873e-02,4.21819314e-02,1.11892089e-01,9.73920003e-02,8.55851546e-02,8.07471350e-02,1.04177922e-01,1.07685260e-01,4.40554693e-02,1.00646235e-01,5.37344478e-02,7.82176107e-02,7.95187056e-02,5.06058112e-02,1.02053441e-01,4.76628207e-02,9.74418521e-02,4.36800793e-02,5.04558012e-02,6.33771122e-02
1.23970211e-01,1.07141986e-01,8.39776248e-02,1.05287611e-01,6.45726770e-02,5.80922253e-02,1.11884035e-01,7.34471902e-02,8.00831988e-02,1.14272870e-01,9.89921466e-02,6.48052096e-02,7.39056319e-02,7.51701742e-02,1.20789520e-01,8.51957873e-02,4.46447171e-02,3.40035073e-02,4.80113849e-02,6.70736805e-02,8.16652030e-02,3.33955102e-02,8.78362730e-02,7.65614361e-02,8.07309970e-02,7.33491704e-02,9.79740024e-02,7.80118629e-02,1.80374403e-02,7.54028335e-02,8.23161304e-02,8.53902102e-02,9.53254476e-02,1.20536432e-01,5.29320277e-02,8.43028352e-02,1.02038063e-01,4.66915071e-02,1.11296356e-01,1.05976172e-01,1.82144511e-02,1.05337381e-01,9.79536697e-02,8.34615901e-02,8.28093663e-02,8.44591707e-02,6.54693395e-02,7.78900012e-02,7.92050362e-02,7.33873472e-02,1.34617552e-01,5.72168045e-02,5.70735522e-02,7.95895979e-02,6.27414361e-02,9.48376730e-02,8.63511041e-02,6.78019375e-02,1.01653330e-01,4.84509952e-02,7.79093057e-02,2.90494245e-02,7.59572834e-02,4.41100448e-02,9.15729851e-02,5.46847880e-02,7.44790733e-02,1.09328471e-01,8.89111236e-02,1.20177977e-01,1.06103040e-01,8.89659002e-02,1.15740940e-01,8.63913819e-02,8.60131979e-02,3.47011685e-02,7.51988068e-02,7.46945441e-02,8.31801742e-02,9.78235081e-02,9.37414244e-02
8.92585665e-02,1.08184896e-01,8.49456862e-02,8.57524350e-02,1.04388416e-01,1.21496677e-01,7.69726336e-02,1.03085309e-01,9.87853408e-02,6.06091432e-02,1.04680642e-01,8.55969191e-02,8.51507634e-02,6.59669340e-02,8.52479041e-02,1.00147113e-01,1.08833581e-01,8.86068121e-02,7.74478316e-02,1.28443971e-01,6.35342896e-02,6.40611872e-02,1.18747145e-01,5.11164665e-02,9.24466178e-02,7.01694489e-02,6.47801086e-02,1.28120780e-01,6.54757544e-02,1.04027636e-01,1.13491990e-01,7.45673552e-02,7.11558014e-02,9.38516036e-02,1.08959712e-01,9.60287675e-02,8.46104324e-02,8.47341195e-02,1.01612724e-01,6.39506653e-02,1.00480810e-01,7.18906373e-02,7.11928681e-02,1.12860098e-01,9.03382301e-02,1.34468704e-01,1.31606042e-01,7.38986135e-02,8.54477659e-02,5.76194488e-02,3.93604413e-02,1.03781566e-01,1.13475427e-01,1.11079328e-01,8.18809047e-02,9.63520706e-02,2.95055453e-02,9.10699666e-02,1.08012415e-01,5.33499904e-02,1.13320313e-01,7.66423121e-02,9.87237468e-02,6.92650080e-02,9.55892056e-02,1.11011699e-01,1.07473798e-01,6.16489612e-02,9.86179784e-02,1.15387715e-01,1.08020529e-01,1.59551054e-01,1.26117378e-01,5.30877374e-02,1.14470206e-01,1.18678950e-01,1.20385349e-01,8.61370414e-02,6.36732876e-02,1.12994015e-01,1.04800954e-01
7.70014301e-02,1.01107404e-01,1.17306426e-01,1.04602627e-01,9.50233489e-02,8.07545409e-02,4.37182263e-02,9.77208465e-02,1.24295928e-01,9.29061025e-02,5.95032386e-02,7.89201036e-02,9.89018232e-02,1.10899113e-01,7.93526992e-02,1.40284151e-01,8.87640491e-02,1.18102230e-01,1.41707450e-01,1.13848969e-01,7.31669143e-02,1.03819139e-01,9.07270759e-02,9.48998481e-02,1.25236094e-01,8.73055607e-02,8.83171335e-02,7.84050226e-02,8.35398734e-02,8.43419656e-02,8.90575275e-02,1.20320231e-01,1.24570258e-01,9.17862505e-02,1.19773589e-01,8.70660841e-02,1.04849108e-01,1.28331631e-01,6.82722032e-02,7.28555173e-02,1.10798173e-01,7.10032433e-02,1.05869763e-01,5.97165599e-02,1.14004970e-01,9.01297107e-02,7.31454268e-02,7.19171166e-02,9.13004428e-02,1.47428289e-01,6.84931800e-02,4.20737043e-02,4.99099679e-02,8.90024453e-02,1.00903235e-01,9.31450352e-02,6.81000277e-02,7.32809603e-02,7.62968212e-02,1.11295804e-01,1.61343023e-01,7.62174651e-02,4.87413965e-02,7.87247643e-02,5.85254207e-02,9.69644859e-02,1.27258405e-01,7.64504820e-02,8.87892023e-02,1.64606392e-01,7.79446363e-02,7.80423954e-02,7.93674290e-02,1.49502724e-01,8.94735381e-02,1.00238979e-01,1.01950951e-01,6.91454187e-02,1.18570745e-01,7.63382465e-02,8.70026052e-02
1.12017572e-01,3.91736701e-02,1.21775299e-01,4.82423678e-02,7.47663081e-02,9.66625139e-02,1.10335305e-01,1.20724119e-01,8.70609581e-02,9.91201624e-02,7.17537478e-02,1.08676307e-01,1.20240897e-01,8.34232494e-02,7.97128305e-02,7.81949535e-02,5.07635437e-02,7.33930692e-02,8.70803297e-02,7.77443796e-02,1.34258106e-01,3.76948081e-02,1.16051368e-01,6.40189350e-02,5.88798933e-02,1.08840577e-01,1.21701732e-01,9.64382440e-02,8.34222063e-02,9.17561725e-02,1.26306191e-01,5.08390814e-02,1.04558915e-01,9.06932279e-02,1.32014960e-01,1.21262074e-01,7.05778673e-02,8.88933614e-02,9.16308761e-02,9.04860944e-02,1.19222105e-01,9.29174349e-02,1.11523978e-01,1.09489061e-01,8.04764777e-02,1.28694907e-01,1.12061836e-01,1.07642725e-01,9.80694443e-02,1.50003508e-01,8.05018693e-02,9.29991081e-02,8.78214240e-02,1.22796796e-01,1.18256874e-01,1.53095096e-01,6.17360622e-02,1.17124155e-01,7.23194331e-02,1.35698766e-01,1.30947515e-01,7.93534443e-02,6.15663193e-02,5.69715686e-02,1.08286001e-01,1.07620545e-01,7.10254833e-02,1.01271003e-01,9.37957242e-02,1.00808606e-01,1.29740745e-01,1.41423717e-01,8.96615312e-02,1.06561393e-01,1.17600299e-01,8.29081237e-02,9.44281667e-02,1.59577459e-01,1.05878696e-01,9.80346203e-02,1.28513783e-01
1.09988026e-01,1.57028109e-01,1.15379706e-01,8.56448635e-02,5.30576482e-02,9.25081670e-02,9.44903344e-02,1.25084460e-01,9.37245414e-02,1.39900669e-01,8.50582719e-02,7.98141733e-02,1.41445309e-01,8.66371244e-02,8.77855644e-02,6.38645291e-02,1.24065794e-01,1.19605608e-01,9.14222598e-02,9.08754691e-02,6.46250844e-02,9.65713784e-02,7.79961124e-02,1.03479087e-01,1.31736726e-01,1.35212064e-01,1.31727397e-01,1.21225268e-01,1.00890584e-01,1.01772435e-01,7.96059892e-02,1.28342867e-01,1.14128917e-01,7.54057392e-02,1.24955811e-01,9.32815522e-02,7.68708587e-02,9.68900025e-02,6.34167939e-02,9.89015922e-02,1.01402402e-01,6.99064881e-02,8.35222602e-02,1.00925304e-01,8.50908309e-02,9.91115868e-02,8.12842920e-02,8.15924853e-02,7.47054443e-02,1.24393053e-01,5.67546487e-02,1.10290669e-01,8.72926936e-02,1.21471882e-01,1.15180798e-01,1.04871035e-01,1.26570031e-01,1.38064593e-01,4.70095649e-02,1.07698232e-01,1.05795123e-01,6.94130138e-02,9.61422399e-02,7.74985254e-02,1.35492697e-01,6.03183694e-02,8.09352472e-02,7.70727620e-02,9.45177451e-02,1.00686923e-01,1.02624476e-01,1.09501459e-01,9.89897698e-02,9.34374481e-02,1.12594172e-01,1.19114779e-01,9.20765996e-02,1.39159501e-01,1.46562174e-01,1.01847947e-01,1.02897696e-01
9.54186097e-02,1.06719889e-01,1.09620325e-01,8.98316652e-02,1.26723170e-01,1.23172991e-01,1.67744666e-01,1.06010936e-01,8.39737058e-02,1.66419834e-01,1.33550316e-01,8.80328715e-02,1.33635849e-01,1.15357414e-01,9.18271691e-02,4.14574444e-02,1.16963528e-01,7.06991479e-02,1.01223856e-01,1.47768870e-01,9.29831043e-02,1.10340692e-01,1.20823823e-01,1.30783886e-01,8.18713233e-02,7.99586326e-02,9.79683101e-02,9.68627110e-02,1.06407158e-01,1.12788662e-01,8.05117190e-02,8.70028809e-02,1.15084030e-01,1.19352773e-01,9.04953554e-02,1.23281106e-01,5.89846000e-02,8.11099708e-02,1.17356040e-01,1.44234732e-01,1.21702962e-01,1.45444438e-01,1.36010036e-01,7.59842992e-02,8.36434066e-02,1.13719992e-01,1.44514382e-01,9.44348127e-02,1.05201542e-01,1.04793027e-01,1.27425849e-01,1.14390329e-01,8.52965415e-02,1.10959843e-01,1.27075240e-01,7.87055343e-02,7.96009228e-02,9.09382999e-02,1.22829162e-01,1.05809122e-01,9.39516649e-02,8.48827735e-02,8.44355151e-02,8.36516991e-02,1.25306144e-01,7.50432089e-02,7.94503093e-02,9.79053080e-02,1.12037733e-01,1.05982512e-01,1.02212951e-01,8.85350406e-02,1.33660436e-01,1.01843573e-01,1.14024602e-01,6.89406618e-02,6.08854704e-02,1.18490286e-01,9.21631008e-02,9.89606827e-02,1.06681295e-01
1.51904434e-01,9.56438929e-02,1.36528715e-01,1.51367873e-01,1.40852034e-01,1.03107579e-01,1.38340473e-01,1.25512555e-01,9.78597477e-02,1.19472720e-01,1.22566670e-01,1.06419668e-01,1.11234978e-01,9.18344259e-02,1.11804247e-01,9.81823206e-02,5.28323762e-02,1.74387097e-01,8.29323605e-02,9.94722322e-02,8.96961391e-02,7.27369636e-02,1.26995236e-01,1.25656158e-01,1.33668095e-01,9.22821984e-02,9.99629945e-02,1.34206071e-01,1.08706161e-01,1.13623299e-01,1.19859472e-01,8.22082087e-02,1.10784844e-01,7.80564845e-02,8.95273685e-02,1.15523510e-01,3.23811099e-02,7.59287626e-02,1.12501368e-01,1.16960138e-01,1.07584804e-01,1.32550478e-01,1.23441048e-01,1.43107623e-01,4.38314974e-02,1.52999923e-01,1.07599199e-01,7.32883736e-02,1.48581326e-01,1.34999380e-01,1.11050084e-01,9.06528533e-02,1.15829594e-01,1.37801379e-01,1.87414393e-01,9.61653292e-02,1.18406430e-01,9.56509709e-02,1.29926562e-01,7.28664175e-02,9.13459510e-02,1.06361628e-01,1.01295516e-01,1.22266851e-01,1.17265582e-01,1.43361405e-01,1.76826775e-01,9.90813226e-02,8.33248049e-02,8.01066309e-02,1.51922941e-01,8.84460956e-02,1.17722265e-01,1.23452768e-01,1.10703327e-01,1.29477262e-01,1.33095399e-01,1.00665621e-01,1.34398803e-01,1.45105228e-01,6.01280369e-02
8.27638283e-02,8.67592022e-02,7.62258396e-02,1.10484257e-01,9.73351896e-02,9.27668586e-02,9.68547091e-02,7.06221759e-02,1.02790810e-01,1.10863760e-01,1.30148098e-01,1.07354484e-01,1.46563187e-01,9.93851498e-02,1.53109208e-01,1.05912507e-01,1.05087101e-01,7.27837160e-02,1.01964422e-01,1.05260462e-01,1.19547769e-01,1.04203083e-01,9.96336862e-02,8.91481787e-02,1.23795822e-01,1.23629913e-01,1.11272275e-01,8.32753554e-02,1.38103798e-01,1.32646605e-01,9.63834301e-02,1.04431748e-01,1.00689657e-01,1.28622144e-01,1.17354661e-01,1.04624808e-01,1.29904896e-01,1.01080224e-01,1.37787521e-01,1.18415661e-01,1.48201182e-01,1.20704316e-01,1.40387803e-01,9.70996916e-02,1.51135504e-01,1.27501011e-01,1.41806200e-01,8.29279199e-02,1.15428291e-01,7.35777020e-02,1.14589706e-01,1.10938422e-01,1.22200049e-01,1.97836801e-01,9.57708582e-02,1.06111795e-01,8.78235549e-02,9.46586132e-02,5.92630617e-02,1.28278062e-01,7.33896047e-02,1.11016653e-01,9.48516056e-02,1.15584485e-01,1.24303319e-01,8.71804729e-02,9.20421854e-02,9.44571272e-02,1.06848426e-01,9.55066085e-02,1.11428417e-01,1.06908329e-01,7.82149136e-02,1.10521838e-01,5.18543012e-02,1.31972715e-01,7.32356831e-02,9.39588472e-02,1.38574630e-01,1.42414808e-01,1.29083008e-01
1.24851465e-01,1.20045409e-01,1.48253754e-01,1.09031290e-01,1.23833358e-01,1.00361593e-01,8.86912048e-02,1.19522914e-01,1.33953586e-01,8.78248587e-02,8.95725489e-02,1.49149790e-01,1.10614039e-01,8.40051845e-02,1.20380275e-01,7.50373825e-02,7.29393736e-02,8.72080624e-02,1.35092899e-01,1.19026579e-01,1.44438997e-01,1.35697439e-01,1.65915594e-01,1.05382264e-01,9.11567733e-02,9.31228325e-02,1.37307242e-01,1.19413286e-01,1.23449840e-01,1.15658335e-01,1.30511492e-01,1.32966727e-01,9.56124812e-02,1.39956594e-01,1.18986413e-01,1.06216170e-01,7.66742975e-02,1.06477723e-01,1.13325007e-01,1.08005784e-01,1.20352149e-01,1.11412436e-01,9.82198939e-02,9.88548622e-02,9.60082710e-02,1.12255089e-01,1.10683739e-01,1.11945353e-01,1.06956847e-01,1.18283533e-01,1.68745756e-01,9.62873399e-02,1.06192090e-01,1.04183495e-01,1.40589520e-01,8.58407319e-02,1.01781063e-01,1.01154186e-01,8.04830939e-02,1.65269688e-01,1.19974650e-01,7.14431927e-02,1.09242775e-01,9.90609825e-02,9.01844874e-02,1.40153855e-01,1.50491938e-01,8.80928189e-02,1.21105827e-01,8.70763510e-02,1.02513172e-01,3.37273404e-02,1.29231140e-01,1.39301002e-01,1.40332595e-01,1.28632694e-01,1.12151183e-01,9.70116928e-02,1.14005528e-01,1.01702929e-01,1.19108871e-01
1.05226152e-01,1.05458468e-01,9.74775478e-02,1.36394173e-01,8.62165466e-02,1.24751151e-01,1.31317228e-01,7.51562342e-02,1.39248446e-01,1.36834577e-01,1.17060632e-01,7.38282204e-02,1.12630479e-01,1.59922943e-01,1.41422719e-01,6.28690273e-02,8.49831477e-02,1.28771216e-01,8.62864777e-02,1.04323946e-01,1.19695447e-01,1.11236237e-01,1.05610922e-01,1.32222056e-01,6.43559918e-02,9.91107672e-02,7.06903338e-02,1.19193658e-01,1.06011711e-01,1.23618297e-01,1.18067078e-01,9.40914825e-02,1.31815374e-01,1.23335943e-01,1.19667485e-01,1.03628010e-01,9.09489617e-02,1.56815827e-01,1.50845274e-01,8.39470923e-02,9.15549845e-02,1.50866061e-01,1.45361245e-01,1.13354996e-01,9.66749191e-02,1.17818706e-01,9.41993967e-02,8.49269852e-02,1.07155576e-01,1.96325034e-01,9.98425037e-02,1.00528337e-01,9.64537114e-02,1.30623907e-01,1.30970851e-01,9.43339318e-02,1.39428928e-01,1.31746396e-01,9.78837088e-02,1.24728709e-01,1.01551153e-01,1.07763678e-01,1.15872175e-01,7.32802972e-02,8.61415416e-02,5.53171225e-02,9.20439363e-02,8.98784325e-02,1.16219707e-01,1.51635394e-01,8.88973027e-02,1.26386628e-01,1.22296460e-01,1.14148974e-01,1.36067703e-01,1.21287398e-01,1.35621384e-01,1.22113213e-01,1.38629392e-01,1.23127535e-01,1.27977312e-01
1.12912767e-01,1.36001304e-01,1.03711307e-01,1.47535220e-01,1.35522708e-01,1.35713205e-01,7.87358806e-02,9.82854366e-02,7.49863312e-02,1.34060174e-01,1.50152594e-01,1.22468509e-01,1.40515894e-01,9.27275121e-02,7.48882890e-02,8.50482807e-02,1.12279728e-01,9.86547396e-02,1.74969316e-01,1.50313646e-01,1.15675449e-01,1.04501083e-01,1.09088913e-01,1.11665078e-01,1.53404236e-01,1.25843033e-01,1.35848895e-01,1.39730707e-01,9.43831876e-02,1.44415483e-01,1.16676323e-01,1.21299364e-01,1.09166242e-01,1.64348051e-01,1.23187296e-01,1.27631277e-01,1.77544698e-01,1.03681557e-01,1.79804876e-01,8.75677839e-02,1.00431062e-01,1.24387570e-01,1.42634198e-01,1.39533296e-01,8.93281326e-02,1.25765830e-01,1.19093791e-01,1.16338477e-01,1.29331753e-01,1.50156811e-01,1.21534683e-01,1.37102768e-01,1.29525736e-01,1.13570347e-01,1.32589728e-01,5.58493249e-02,1.36783302e-01,1.16199329e-01,1.11794271e-01,8.66385549e-02,1.19014345e-01,1.41385630e-01,1.21972308e-01,9.53649059e-02,1.16871975e-01,1.25647917e-01,8.62841159e-02,1.14548579e-01,1.24472208e-01,1.11882843e-01,1.14829041e-01,1.06672540e-01,1.44236192e-01,1.30490243e-01,9.33103785e-02,1.25557810e-01,1.16633974e-01,1.51923701e-01,1.01364993e-01,1.17710166e-01,1.15308896e-01
1.58559531e-01,1.31429940e-01,1.30371302e-01,1.70897901e-01,1.33990362e-01,1.05035432e-01,1.58009946e-01,1.22515529e-01,1.13321051e-01,1.23889476e-01,1.28316820e-01,1.54850423e-01,1.39859170e-01,1.14784196e-01,1.12590700e-01,1.38493031e-01,1.07909448e-01,1.31407589e-01,8.30892771e-02,9.57809016e-02,1.46155387e-01,1.01544894e-01,1.04843549e-01,1.01270415e-01,1.31596804e-01,1.30022034e-01,8.77241865e-02,9.14035961e-02,1.13650687e-01,1.31913245e-01,1.29224747e-01,1.15837045e-01,1.13418423e-01,1.20745055e-01,1.54980659e-01,1.15576565e-01,1.43658340e-01,1.46054670e-01,1.78780496e-01,1.27898619e-01,1.35513306e-01,1.21148482e-01,1.81270763e-01,1.33416831e-01,1.16870388e-01,1.08499683e-01,1.00528412e-01,1.25982285e-01,9.51535329e-02,1.69038311e-01,1.16465107e-01,1.04051314e-01,1.14980787e-01,1.11694455e-01,1.17786869e-01,1.45709738e-01,1.67955965e-01,1.13726199e-01,8.80678818e-02,1.13913804e-01,7.07966760e-02,1.41270503e-01,1.44150421e-01,1.19142927e-01,1.59981206e-01,1.16880313e-01,1.78429320e-01,8.02056044e-02,1.45197898e-01,9.77354050e-02,9.43328440e-02,1.14649870e-01,9.86676663e-02,1.33714154e-01,8.44577178e-02,1.10630624e-01,1.22555092e-01,1.08022369e-01,1.74464107e-01,1.10963807e-01,1.09762356e-01
1.22571498e-01,1.08631395e-01,1.02568269e-01,1.71992809e-01,1.11046709e-01,1.04710251e-01,1.30865574e-01,1.01965927e-01,1.13469064e-01,1.61709249e-01,9.46588293e-02,1.03610799e-01,9.11777467e-02,8.28534365e-02,1.13465786e-01,1.09558575e-01,1.34211197e-01,1.16244808e-01,1.54598743e-01,1.40646577e-01,1.69803515e-01,1.10868551e-01,1.04834072e-01,1.29696995e-01,1.67087480e-01,1.08370468e-01,1.18570991e-01,1.12632900e-01,8.29784945e-02,9.71875787e-02,1.18135996e-01,1.08623743e-01,8.97456110e-02,1.43225014e-01,7.38582686e-02,9.76390168e-02,1.03166170e-01,8.31069350e-02,9.35790092e-02,1.45304218e-01,1.61796257e-01,1.00749411e-01,1.44888058e-01,1.34515703e-01,1.44128993e-01,1.65173367e-01,1.57886848e-01,1.35827824e-01,1.15188755e-01,1.04485944e-01,1.34116158e-01,1.10735908e-01,8.76006782e-02,1.31764591e-01,1.34358004e-01,9.06549692e-02,1.29927665e-01,1.11036360e-01,8.71393383e-02,1.17841214e-01,9.89805460e-02,1.16868302e-01,1.06814340e-01,8.39042440e-02,1.37987405e-01,1.06853098e-01,1.39196023e-01,2.28450727e-02,1.37928858e-01,1.07493646e-01,1.43845245e-01,1.08449757e-01,1.38128728e-01,1.10264562e-01,1.41762465e-01,9.46761221e-02,8.67685005e-02,1.21813275e-01,1.38606921e-01,1.25974983e-01,1.24511793e-01
1.61216930e-01,7.52113611e-02,1.53811395e-01,1.24358073e-01,1.23588145e-01,1.52894512e-01,1.39060035e-01,1.14631481e-01,1.16967991e-01,1.93860114e-01,1.04491211e-01,1.57377750e-01,1.14483714e-01,1.28909111e-01,9.63733569e-02,1.22107901e-01,1.33508846e-01,1.09905958e-01,1.10748306e-01,9.28005204e-02,8.44283327e-02,1.26521260e-01,1.15916029e-01,1.68822348e-01,1.01575375e-01,1.00581504e-01,1.45629868e-01,1.23797953e-01,7.11710304e-02,1.29068047e-01,9.99475121e-02,7.91044384e-02,1.20401405e-01,9.90330875e-02,9.85397622e-02,1.76020801e-01,8.87575895e-02,1.06143564e-01,9.59945992e-02,1.17153548e-01,1.12451628e-01,1.45219862e-01,1.16995074e-01,1.38765290e-01,1.23345941e-01,1.34986103e-01,1.10891894e-01,1.49234101e-01,1.17682517e-01,9.01330560e-02,1.14151642e-01,1.48540303e-01,1.03720345e-01,9.36273262e-02,1.21964335e-01,1.56355664e-01,8.30574781e-02,1.51704535e-01,1.37994915e-01,8.33249167e-02,9.48792100e-02,1.41111597e-01,1.17410384e-01,1.30348042e-01,8.77157748e-02,1.22291476e-01,1.20260485e-01,1.10772386e-01,1.01553984e-01,8.77532363e-02,1.13920338e-01,1.12616479e-01,6.52824268e-02,1.06009878e-01,9.62360129e-02,9.08276439e-02,1.03214644e-01,8.23653191e-02,1.32875979e-01,1.53346673e-01,9.86799151e-02
1.34951115e-01,1.24553904e-01,1.43258154e-01,1.01417802e-01,1.37026623e-01,1.22330755e-01,1.29538581e-01,1.24223709e-01,8.53909850e-02,1.42122194e-01,1.32616624e-01,1.07134677e-01,1.43964306e-01,9.86859202e-02,1.01446293e-01,1.36203453e-01,1.03457414e-01,1.38443127e-01,1.32630587e-01,1.34154916e-01,1.33997738e-01,1.23133793e-01,1.05999596e-01,1.20066553e-01,1.20937943e-01,1.11749306e-01,8.09614882e-02,1.18113942e-01,1.00777328e-01,1.03068255e-01,1.19185425e-01,1.53017566e-01,1.32691339e-01,1.46738559e-01,1.01402864e-01,9.00774226e-02,9.62219089e-02,7.60917962e-02,1.57219857e-01,1.27231613e-01,1.81546673e-01,1.34398967e-01,1.16865993e-01,1.54576078e-01,1.14709839e-01,7.41854087e-02,1.26496300e-01,1.06777959e-01,1.29722193e-01,1.32182330e-01,4.97214869e-02,1.31080478e-01,1.11676939e-01,9.19008031e-02,9.29573923e-02,9.19324607e-02,1.37602508e-01,1.17525198e-01,1.06056973e-01,1.22005247e-01,1.02168553e-01,1.42106295e-01,1.38898939e-01,9.20123234e-02,7.68100545e-02,4.07952964e-02,8.20184797e-02,8.57931077e-02,1.27732784e-01,1.20930783e-01,1.01637632e-01,1.56566978e-01,1.11799203e-01,6.75311387e-02,1.47247761e-01,1.39323458e-01,8.07054415e-02,1.29060999e-01,8.94730240e-02,1.05236486e-01,8.76792148e-02
8.91726539e-02,1.01728342e-01,1.20189212e-01,6.71387389e-02,1.11432388e-01,1.16239339e-01,1.29801527e-01,1.75845802e-01,7.77663738e-02,1.15178622e-01,1.05282456e-01,1.38948753e-01,1.39262795e-01,9.45521295e-02,1.60399899e-01,8.97372514e-02,1.35766491e-01,9.90978256e-02,9.50426906e-02,9.02521312e-02,9.52989832e-02,1.08020663e-01,1.04415767e-01,1.27874687e-01,1.04949281e-01,3.48627716e-02,1.16164751e-01,8.23911652e-02,1.34215713e-01,1.07703768e-01,1.05905749e-01,9.92884934e-02,1.12298407e-01,6.15702458e-02,1.40499637e-01,1.32290557e-01,8.17249119e-02,7.89324120e-02,1.38110608e-01,1.45584151e-01,1.60068974e-01,1.36743546e-01,1.53428212e-01,9.78991464e-02,1.65714502e-01,1.28181279e-01,1.01721257e-01,9.69105214e-02,1.20643780e-01,1.10746376e-01,1.24543287e-01,9.64961275e-02,1.62041172e-01,1.26373142e-01,1.53380781e-01,1.05344765e-01,1.21398993e-01,1.34230107e-01,8.84017795e-02,1.20745815e-01,1.05268054e-01,1.21891610e-01,7.40668029e-02,1.36030257e-01,8.29748958e-02,1.28901958e-01,1.25417143e-01,8.36234614e-02,1.17608584e-01,9.08932611e-02,1.16148442e-01,1.39302298e-01,1.09045237e-01,5.87801225e-02,1.39498532e-01,1.22871689e-01,1.85318962e-01,1.06586322e-01,1.45378590e-01,1.00877069e-01,1.10280022e-01
1.16938829e-01,1.25920400e-01,1.20614693e-01,9.48331654e-02,1.15591481e-01,9.57986489e-02,5.94316944e-02,1.18858583e-01,1.04927748e-01,1.23114266e-01,9.22715366e-02,1.17835857e-01,7.70777091e-02,9.50987414e-02,9.06795561e-02,1.14785500e-01,1.79113954e-01,1.31911829e-01,6.77418038e-02,1.46372765e-01,9.52722952e-02,1.33417442e-01,1.10884339e-01,6.69366941e-02,1.43037528e-01,1.13193721e-01,1.22981094e-01,9.42220539e-02,1.20142676e-01,1.12278447e-01,1.77417994e-01,7.36341029e-02,1.35776907e-01,1.34979486e-01,1.25820681e-01,8.44096243e-02,1.08900070e-01,1.65781260e-01,8.35802108e-02,6.70836717e-02,1.12085462e-01,1.26178026e-01,9.15497839e-02,1.54902309e-01,1.26207307e-01,9.51407999e-02,1.78258806e-01,1.02279797e-01,1.29216135e-01,8.38749483e-02,1.19196258e-01,7.64184371e-02,1.41529649e-01,7.95096904e-02,8.95029232e-02,7.07277507e-02,1.28643855e-01,1.16971113e-01,1.53581008e-01,1.20756671e-01,1.31370649e-01,9.50997993e-02,1.16359748e-01,9.40240845e-02,1.38570100e-01,8.46887082e-02,1.18973874e-01,1.23234101e-01,7.25667998e-02,9.61469263e-02,1.10201873e-01,1.38827622e-01,6.40596449e-02,6.41618222e-02,1.00544699e-01,1.08956374e-01,1.06177330e-01,8.21018592e-02,9.30114836e-02,9.80033502e-02,6.84285760e-02
1.49773404e-01,1.27948686e-01,8.71811956e-02,1.05678283e-01,1.05330035e-01,7.25577101e-02,1.46139517e-01,1.32012010e-01,7.92043954e-02,1.03903726e-01,1.19240925e-01,1.08244143e-01,9.13615301e-02,8.38447213e-02,1.13058686e-01,5.96420690e-02,1.56793788e-01,1.01002522e-01,8.69808421e-02,1.03932731e-01,1.42495498e-01,9.36715677e-02,8.63968953e-02,1.18196361e-01,1.45463407e-01,7.36943260e-02,5.87360226e-02,9.86456648e-02,1.01431809e-01,1.36516064e-01,8.11215192e-02,1.37810454e-01,1.19748458e-01,4.96496409e-02,1.34266242e-01,1.09852664e-01,8.52186829e-02,1.28763109e-01,1.01894416e-01,7.09019080e-02,1.44527376e-01,1.13570556e-01,1.35255754e-01,9.50761363e-02,1.39907017e-01,1.59590214e-01,1.10786185e-01,1.28050014e-01,1.08477667e-01,1.46265790e-01,1.23787917e-01,1.04929931e-01,4.94080409e-02,1.03164114e-01,1.10076271e-01,1.40371338e-01,9.19741988e-02,1.68602616e-01,1.03598975e-01,1.27996027e-01,1.11784451e-01,1.52879715e-01,6.91168904e-02,1.28693566e-01,8.59527215e-02,8.53863358e-02,9.15078744e-02,9.10312608e-02,1.11556493e-01,8.96613002e-02,1.23007931e-01,9.99489874e-02,1.24223828e-01,1.31512046e-01,8.00400376e-02,1.44973516e-01,1.40901938e-01,1.18267126e-01,9.37397256e-02,8.36423114e-02,1.37886465e-01
1.08773880e-01,1.26307964e-01,9.71969590e-02,9.96614471e-02,9.54318121e-02,1.06991366e-01,1.15370333e-01,1.48810387e-01,7.42983222e-02,8.40738490e-02,1.51305512e-01,1.30430594e-01,1.21752053e-01,1.03489287e-01,1.20958827e-01,8.54350999e-02,1.03965469e-01,1.28023207e-01,8.79930183e-02,1.33630097e-01,1.46191806e-01,8.38590413e-02,1.28217056e-01,9.39264521e-02,9.37430412e-02,8.91958699e-02,9.92678180e-02,7.26617426e-02,9.80977118e-02,8.14497694e-02,1.44233808e-01,5.95194921e-02,8.75261277e-02,1.21516630e-01,1.22921772e-01,1.43070325e-01,1.38828591e-01,6.79898933e-02,1.30707100e-01,1.74164012e-01,1.06868073e-01,1.06976718e-01,9.49866101e-02,1.01966798e-01,1.32858977e-01,7.92145953e-02,1.06713861e-01,1.28529117e-01,1.37128294e-01,7.84201995e-02,1.04346476e-01,1.52244329e-01,8.90496969e-02,1.16621725e-01,9.30592194e-02,8.58893618e-02,1.04221389e-01,9.75659862e-02,1.05708420e-01,6.85766414e-02,1.13410398e-01,1.00123808e-01,7.92227089e-02,7.48248249e-02,1.48656100e-01,5.48940934e-02,1.06803887e-01,7.54535869e-02,1.12312824e-01,1.20853409e-01,1.14553794e-01,7.51133785e-02,1.06407665e-01,1.30949825e-01,1.13255270e-01,9.98192355e-02,7.96711519e-02,7.80728385e-02,5.87537214e-02,1.32464230e-01,1.15507714e-01
1.11285090e-01,1.24274872e-01,9.45624784e-02,9.71145779e-02,1.08022369e-01,7.02546015e-02,8.87125805e-02,1.15220770e-01,1.39911458e-01,1.34189203e-01,9.27792713e-02,8.79092887e-02,8.05402324e-02,1.58335894e-01,1.36804998e-01,1.15059234e-01,6.43351078e-02,1.19794928e-01,9.89387408e-02,1.18480705e-01,6.62048012e-02,1.39937222e-01,9.70657244e-02,8.23739767e-02,1.16749905e-01,8.27347785e-02,7.03346953e-02,1.05887137e-01,5.39135151e-02,1.15659937e-01,1.05313852e-01,9.67099220e-02,1.38863802e-01,1.18227690e-01,1.11312471e-01,7.62615651e-02,5.89737445e-02,1.11951672e-01,1.30200818e-01,1.16057448e-01,1.36879012e-01,8.48535597e-02,1.12892307e-01,1.62644655e-01,5.40322512e-02,9.97404233e-02,1.01588048e-01,1.09619699e-01,9.78465676e-02,9.20612589e-02,1.37631908e-01,8.06210563e-02,1.32772088e-01,1.51424035e-01,9.38911662e-02,9.61628556e-02,1.05269082e-01,1.11180827e-01,1.08371921e-01,1.28395617e-01,8.85680616e-02,7.31273592e-02,1.69433936e-01,1.09561741e-01,1.28585175e-01,7.30237588e-02,1.18100010e-01,9.98807549e-02,1.16185352e-01,1.29576370e-01,8.01404864e-02,6.99583218e-02,9.27963480e-02,1.01123668e-01,1.14799052e-01,1.21779196e-01,9.82440412e-02,8.63524154e-02,1.01390295e-01,1.24010123e-01,1.42623022e-01
1.11370623e-01,1.07525595e-01,1.42320901e-01,8.35877731e-02,8.72755870e-02,7.85335600e-02,1.11770593e-01,1.27677441e-01,9.62532312e-02,1.00008696e-01,1.05775312e-01,1.09754167e-01,5.64970300e-02,9.30381939e-02,8.84745419e-02,1.02699980e-01,1.15970194e-01,6.21969476e-02,7.00800717e-02,1.02839872e-01,1.06590152e-01,1.37279138e-01,1.25132233e-01,1.43999308e-01,8.36413577e-02,7.25898221e-02,6.65323660e-02,1.77198574e-01,9.98390540e-02,5.49753085e-02,1.19166180e-01,5.74361049e-02,9.34635624e-02,7.75360391e-02,1.02165133e-01,9.92855951e-02,1.22379102e-01,1.16949312e-01,1.23698547e-01,1.06349587e-01,1.07264154e-01,1.50024161e-01,4.86533865e-02,6.64559677e-02,1.40600473e-01,7.66139030e-02,1.14296921e-01,2.83245780e-02,1.03292115e-01,1.05373882e-01,1.59762949e-01,1.00406051e-01,9.50256810e-02,8.14024135e-02,1.03083670e-01,8.52480009e-02,1.18592814e-01,1.04538456e-01,1.15962528e-01,9.44242254e-02,1.15010671e-01,7.19508678e-02,6.21551760e-02,5.89257739e-02,8.59071612e-02,1.07457235e-01,7.92942196e-02,6.53314516e-02,1.02321707e-01,1.72601074e-01,6.62427396e-02,1.08485579e-01,1.39826983e-01,1.24418743e-01,1.07472338e-01,1.44490078e-01,7.13277981e-02,1.04216531e-01,9.50667784e-02,1.19708769e-01,8.62282664e-02
1.09072246e-01,8.40674937e-02,1.34612918e-01,7.99578652e-02,9.38906148e-02,1.01949245e-01,1.09336749e-01,1.08478896e-01,1.36514187e-01,1.08514816e-01,8.28827918e-02,1.09640762e-01,7.34536722e-02,1.23422302e-01,3.89862284e-02,1.08845763e-01,8.35213512e-02,8.68081450e-02,7.65753910e-02,8.59553888e-02,1.07790358e-01,9.50077102e-02,9.12974104e-02,1.27318889e-01,7.06951842e-02,1.12049200e-01,1.04622513e-01,9.35363472e-02,8.79862756e-02,9.63516235e-02,1.16696186e-01,6.70552179e-02,5.92831075e-02,1.00706063e-01,1.32420510e-01,4.25336845e-02,5.62600568e-02,1.05665833e-01,7.92931467e-02,1.09895900e-01,9.73969698e-02,9.28155705e-02,5.56113310e-02,9.77753624e-02,7.56009892e-02,1.43812954e-01,1.11703575e-01,5.34830801e-02,5.68526126e-02,1.07944995e-01,9.64736342e-02,1.18629247e-01,1.06139012e-01,8.91802087e-02,1.18364096e-01,1.10340022e-01,5.64668588e-02,1.21042617e-01,6.90551773e-02,7.40760043e-02,1.07553318e-01,8.83776098e-02,8.27406719e-02,5.92620596e-02,1.21791102e-01,1.07038617e-01,1.26614347e-01,1.20330475e-01,1.37305737e-01,1.13226965e-01,9.84795988e-02,7.29305819e-02,1.11247145e-01,9.14426148e-02,5.90491705e-02,7.08166882e-02,3.71247418e-02,1.40201002e-01,1.19873360e-01,1.02957182e-01,9.61268395e-02
1.10011838e-01,6.66085109e-02,1.19592234e-01,9.29598361e-02,1.06439866e-01,9.75661725e-02,9.67944041e-02,9.14504379e-02,1.16180792e-01,6.17428124e-02,6.55594915e-02,1.45480365e-01,7.13073760e-02,1.34784505e-01,1.01959161e-01,1.47863925e-01,1.15470693e-01,1.28331497e-01,8.91678557e-02,9.48466286e-02,1.03041150e-01,1.11463718e-01,9.94019732e-02,1.24905519e-01,7.31076077e-02,7.38278404e-02,1.56509638e-01,1.10347755e-01,7.23698661e-02,1.06920950e-01,9.81494188e-02,1.39646128e-01,9.94594842e-02,1.11793324e-01,9.18149352e-02,1.10180095e-01,9.87921953e-02,8.61430094e-02,6.79678693e-02,1.15844436e-01,1.18258409e-01,6.42703772e-02,5.95771596e-02,1.50591522e-01,1.05096795e-01,1.08700693e-01,7.26926029e-02,8.86481777e-02,8.38304982e-02,8.55534449e-02,1.28456518e-01,1.20016895e-01,5.37101105e-02,6.39455169e-02,1.07479140e-01,6.74660057e-02,6.86204806e-02,8.11533183e-02,1.04709372e-01,8.63865465e-02,9.93050560e-02,8.85552168e-02,1.05495006e-01,1.38057426e-01,9.01847109e-02,5.85869737e-02,9.23962593e-02,1.08087569e-01,1.01416066e-01,6.14853613e-02,6.89061433e-02,5.06508648e-02,1.15332104e-01,7.42052197e-02,1.13290735e-01,1.01026304e-01,9.20508206e-02,1.32601753e-01,9.37478617e-02,1.04062393e-01,1.32157758e-01
